HOME,Acadia,American Samoa,Arches,Badlands,Big Bend,Biscayne,"Black Canyon
of the Gunnison",Bryce Canyon,Canyonlands,Capitol Reef,Carlsbad Caverns,Channel Islands,Congaree,Crater Lake,Cuyahoga Valley,Death Valley,Denali,Dry Tortugas,Everglades,Gates of the Arctic,Gateway Arch,Glacier,Glacier Bay,Grand Canyon,Grand Teton,Great Basin,Great Sand Dunes,"Great Smoky
Mountains","Guadalupe
Mountains",Haleakala,Hawaii Volcanoes,Hot Springs,Indiana  Dunes,Isle Royale,Joshua Tree,Katmai,Kenai Fjords,Kings Canyon,Kobuk Valley,Lake Clark,Lassen Volcanic,Mammoth Cave,Mesa Verde,Mount Rainier,New River Gorge,North Cascades,Olympic,Petrified Forest,Pinnacles,Redwood,Rocky Mountain,Saguaro,Sequoia,Shenandoah,"Theodore
Roosevelt",Virgin Islands,Voyageurs,White Sands,Wind Cave,"Wrangell-
St. Elias",Yellowstone,Yosemite,Zion
,,,,,,,,,,,,,,,,,,,,,,,,,,,,,,,,,,,,,,,,,,,,,,,,,,,,,,,,,,,,,,,
26.16716361111111,,,,,,,,,,,,,,,,,,,,,,,,,,,,,,,,,,,,,,,,,,,,,,,,,,,,,,,,,,,,,,,
,,,,,,,,,,,,,,,,,,,,,,,,,,,,,,,,,,,,,,,,,,,,,,,,,,,,,,,,,,,,,,,
18.667068055555557,39.668372500000004,,,,,,,,,,,,,,,,,,,,,,,,,,,,,,,,,,,,,,,,,,,,,,,,,,,,,,,,,,,,,,
7.698628888888888,32.176786111111106,,12.744459722222222,,,,,,,,,,,,,,,,,,,,,,,,,,,,,,,,,,,,,,,,,,,,,,,,,,,,,,,,,,,,
21.396295555555557,40.04638444444444,,15.186246666666666,19.93932722222222,,,,,,,,,,,,,,,,,,,,,,,,,,,,,,,,,,,,,,,,,,,,,,,,,,,,,,,,,,,
27.514700555555557,28.772821111111114,,36.52458333333333,32.04697916666667,27.734266388888887,,,,,,,,,,,,,,,,,,,,,,,,,,,,,,,,,,,,,,,,,,,,,,,,,,,,,,,,,,
18.19221361111111,39.193732777777775,,3.166294722222222,12.2833225,15.135445833333334,34.8625325,,,,,,,,,,,,,,,,,,,,,,,,,,,,,,,,,,,,,,,,,,,,,,,,,,,,,,,,,
22.14954861111111,43.15114583333333,,4.492321111111111,15.476633055555556,17.781947777777777,39.325091111111114,6.645695,,,,,,,,,,,,,,,,,,,,,,,,,,,,,,,,,,,,,,,,,,,,,,,,,,,,,,,,
18.986180555555556,39.98753472222222,,0.661971389,13.077324166666667,15.623308333333334,37.16625,3.482333888888889,4.734264444444444,,,,,,,,,,,,,,,,,,,,,,,,,,,,,,,,,,,,,,,,,,,,,,,,,,,,,,,
20.17226777777778,41.17371083333333,,2.515065277777778,14.263458055555557,17.173639444444444,38.50393666666666,4.6684575,2.5289758333333334,2.814460833333333,,,,,,,,,,,,,,,,,,,,,,,,,,,,,,,,,,,,,,,,,,,,,,,,,,,,,,
19.89696166666667,38.54718305555556,,11.255976666666667,16.499191666666665,4.867319444444444,28.108161944444443,10.990179166666666,14.007705,11.755210555555555,13.255246388888889,,,,,,,,,,,,,,,,,,,,,,,,,,,,,,,,,,,,,,,,,,,,,,,,,,,,,
29.618943055555558,50.62104166666666,,11.961838055555555,22.597454444444445,18.56128916666667,42.73433166666667,14.115227777777777,9.326859722222222,12.261232777777778,10.684795000000001,15.897414166666666,,,,,,,,,,,,,,,,,,,,,,,,,,,,,,,,,,,,,,,,,,,,,,,,,,,,
19.07537333333333,20.01569222222222,,29.648999444444446,24.8823525,23.923472222222223,10.284963055555554,28.653587222222225,33.069989166666666,29.94839194444444,31.144600555555556,23.02505222222222,37.35685333333333,,,,,,,,,,,,,,,,,,,,,,,,,,,,,,,,,,,,,,,,,,,,,,,,,,,
29.18485888888889,51.91401916666667,,15.134756944444444,22.899249166666667,28.966321666666666,50.57166222222222,17.288161944444443,15.091878333333334,15.43416888888889,15.038019722222222,26.32648,12.221770833333334,43.5122525,,,,,,,,,,,,,,,,,,,,,,,,,,,,,,,,,,,,,,,,,,,,,,,,,,
12.144285,14.562375277777777,,25.475342777777776,18.25147361111111,25.695431944444444,19.444081944444445,25.0234375,28.89629777777778,25.774730833333333,26.9709375,24.223982222222222,36.436219722222226,9.728576389,37.689574722222225,,,,,,,,,,,,,,,,,,,,,,,,,,,,,,,,,,,,,,,,,,,,,,,,,
26.40508666666667,47.4064975,,8.7478775,19.3836175,18.269761388888888,40.84849833333334,10.901281388888888,6.113006111111111,9.047274444444444,7.470885833333333,15.605909166666667,5.413732777777778,34.811525555555555,11.840604444444445,33.32446388888889,,,,,,,,,,,,,,,,,,,,,,,,,,,,,,,,,,,,,,,,,,,,,,,,
55.90138027777778,81.54572916666666,,55.86253472222222,53.961749166666664,69.16592444444444,83.34609389,58.01594194444444,56.16660583333333,56.161922777777775,55.76579861111111,65.12551222222223,61.68424472222222,74.87458333333333,50.91771277777778,67.46348944444445,60.14219194444445,,,,,,,,,,,,,,,,,,,,,,,,,,,,,,,,,,,,,,,,,,,,,,,
30.25651472222222,31.514635555555554,,39.267851666666665,34.78879333333333,30.476080833333334,3.2902608333333334,37.553424444444445,41.97945305555555,39.76710944444445,40.95580722222222,30.808341944444447,45.685533888888884,13.011315,52.97356333333334,22.043303055555555,43.620598888888885,91.72453111,,,,,,,,,,,,,,,,,,,,,,,,,,,,,,,,,,,,,,,,,,,,,,
27.600868055555555,28.877141944444443,,36.610855,32.13314666666667,27.82043388888889,0.6281397222222221,34.89744138888889,39.362665,37.11016055555556,38.298858611111115,28.152695277777777,43.028585,10.3553775,50.31661444444445,19.387656111111113,40.96365027777778,89.06816833333333,3.2206338888888886,,,,,,,,,,,,,,,,,,,,,,,,,,,,,,,,,,,,,,,,,,,,,
61.29330722222222,86.93702250000001,,61.25446166666667,59.35367611111111,74.55767361111111,88.73934889,63.40786888888889,61.55853305555556,61.553849722222225,61.15772555555556,70.51743916666666,67.07617194444445,80.27413194444445,56.30963972222222,72.85540805555556,65.53411889,9.738443889,91.47591138888889,88.8420225,,,,,,,,,,,,,,,,,,,,,,,,,,,,,,,,,,,,,,,,,,,,
8.624705833333334,22.664711388888886,,17.72816611111111,13.058203055555555,17.325072777777777,19.2900325,16.854255555555554,21.149145,18.027560833333332,19.22375638888889,15.853615555555557,28.567962222222224,12.230594722222223,31.241484444444442,8.339925,25.489292499999998,70.24148444444445,22.025874444444444,19.354158055555555,75.71435777777778,,,,,,,,,,,,,,,,,,,,,,,,,,,,,,,,,,,,,,,,,,,
17.46412,43.10855027777777,,13.984771111111112,12.470260555555557,27.518070833333333,44.196358611111116,16.138155277777777,14.288844444444443,14.284164444444444,13.888035,23.478268333333336,21.439995555555555,36.436302222222224,15.036656944444443,29.025436111111112,18.26433388888889,48.13497388888889,46.93256944444445,44.29898444444445,53.60812055555555,24.955412222222222,,,,,,,,,,,,,,,,,,,,,,,,,,,,,,,,,,,,,,,,,,
53.71691416666667,79.36147555555554,,53.67806861111111,51.77728305555556,66.98138888888889,81.15587666666667,55.831475555555556,53.98213555555555,53.97745666666667,53.581332499999995,62.94104611111111,59.5260025,72.69003472222222,48.75947472222222,65.27895388888889,57.957725555555555,23.70495,83.89245666666666,81.25855027777779,29.17798388888889,62.08869361111111,40.061861944444445,,,,,,,,,,,,,,,,,,,,,,,,,,,,,,,,,,,,,,,,,
24.5142425,44.219587777777775,,5.985541944444445,18.605464444444447,14.732485833333334,36.41492194444445,7.843103888888889,5.251005277777778,6.484764444444444,7.098870555555556,11.1782325,9.100486666666667,30.3781575,17.17755,29.894650555555554,6.595335833333333,66.57030388888889,39.15091583333333,36.51754777777778,72.09424472222221,21.586564722222224,18.764225277777776,64.34308166666666,,,,,,,,,,,,,,,,,,,,,,,,,,,,,,,,,,,,,,,,
16.699421666666666,40.72839833333333,,8.633460277777777,9.552358888888888,21.79377388888889,39.38591583333333,9.883251944444446,8.937533611,8.932853611111112,8.536721944444444,17.75403111111111,16.113023055555555,32.32604388888889,13.29493388888889,26.64592,12.913108611111111,56.785446944444445,42.12194,39.48854166666667,62.25859388888889,20.072601944444443,8.928086389,54.47953555555556,13.370680277777778,,,,,,,,,,,,,,,,,,,,,,,,,,,,,,,,,,,,,,,
22.27879111111111,44.14669694444444,,5.256089444444444,15.131965000000001,20.217382777777775,41.24499138888889,7.409466666666667,3.418325,5.555485,4.260855277777778,16.541756666666668,9.989146111111111,34.18536888888889,11.642228611111111,30.06411888888889,6.042644722222223,60.865251666666666,43.98083777777778,41.34761722222222,67.31018666666667,22.00481333333333,13.980493611111111,58.637881944444445,7.784356111111111,8.626448611111112,,,,,,,,,,,,,,,,,,,,,,,,,,,,,,,,,,,,,,
17.091591666666666,37.30880222222222,,6.3758675,10.852733333333333,12.244561666666666,31.60244777777778,3.8079727777777777,9.926670000000001,6.781783333333333,7.976791944444445,8.204625555555555,17.13650277777778,25.496701388888887,20.642057222222224,22.984103611111113,14.277299166666667,65.43138444444445,34.33826833333333,31.705075833333332,70.90453111111111,14.800380833333334,17.841120833333335,63.12547305555556,8.793455833333333,11.661435555555554,10.708620833333335,,,,,,,,,,,,,,,,,,,,,,,,,,,,,,,,,,,,,
15.672841666666667,19.807404444444444,,26.24650833333333,21.479861111111113,22.514409722222222,14.269428055555554,25.37260638888889,29.66749777777778,26.545900555555555,27.742109444444445,21.616009166666668,35.05743277777778,4.831157222222222,39.76006944444445,8.517483055555555,32.498825833333335,77.14072055555555,17.00527888888889,14.372059444444444,82.61371527777777,8.621590833333332,32.78827694444445,74.88197916666667,27.97188361111111,28.59095055555556,30.44945527777778,23.124446666666667,,,,,,,,,,,,,,,,,,,,,,,,,,,,,,,,,,,,
20.194945833333332,38.845199722222226,,11.657591111111111,16.79716361111111,4.325694166666667,28.413235555555556,11.28815111111111,14.409319722222222,12.156825,13.656860833333333,0.7624302777777777,15.286241388888888,23.430208333333333,25.489900277777778,24.51968111111111,14.907578055555556,71.39404083333334,31.149081944444447,28.515865833333333,76.86703999999999,16.21167,23.803678333333334,69.19198361111111,11.329160277777778,18.0825325,16.71627611111111,8.422431111111111,21.89255861111111,,,,,,,,,,,,,,,,,,,,,,,,,,,,,,,,,,,
,,,,,,,,,,,,,,,,,,,,,,,,,,,,,,,,,,,,,,,,,,,,,,,,,,,,,,,,,,,,,,,
,,,,,,,,,,,,,,,,,,,,,,,,,,,,,,,,,,,,,,,,,,,,,,,,,,,,,,,,,,,,,,,
13.147752777777779,28.05730694444444,,19.6226475,15.985724722222221,13.338618611111112,19.045466666666666,17.953913888888888,22.497604166666665,19.922029166666665,21.11815111111111,12.440204999999999,26.657204999999998,12.31420138888889,33.461239166666665,13.816904166666667,24.098598055555556,73.27978305555555,21.78133027777778,19.148096666666667,78.75301222222221,6.295008055555555,27.947070277777776,71.02110666666667,19.571751388888888,22.292341666666665,23.82546,14.724241666666666,9.91315,12.730277777777777,,,,,,,,,,,,,,,,,,,,,,,,,,,,,,,,,,
7.1611925,19.046126388888887,,20.623055555555556,13.268394166666665,22.160646666666665,21.496679722222225,20.147938333333332,24.044010555555555,20.922443611111113,22.11865027777778,20.68918833333333,31.583932222222224,12.692049722222222,32.8372525,4.964162222222222,28.384105833333333,68.62870222222223,24.253055555555555,21.619830833333335,74.10189222222222,4.854504166666667,24.27657111111111,66.369935,26.293819444444445,21.668381111111113,24.82594611111111,18.99802083333333,8.980611388888889,20.97926222222222,,,10.976295555555554,,,,,,,,,,,,,,,,,,,,,,,,,,,,,,,
5.517416388888889,26.7040625,,23.892617222222224,13.100891944444445,26.69258027777778,31.816623333333332,23.41749777777778,27.313574166666665,24.192011666666666,25.388211666666667,25.22112416666667,35.14425333333333,23.351436666666668,32.587356666666665,15.940391666666669,31.944364166666666,63.97463555555555,34.55246527777778,31.919253333333334,69.44778222222223,13.220928888888889,20.494520277777777,61.71586805555555,29.68972,21.713875833333333,27.670154166666666,22.33031888888889,19.640026111111112,25.511193611111114,,,18.467710555555556,11.146904166666667,,,,,,,,,,,,,,,,,,,,,,,,,,,,,,
28.17534722222222,48.52133666666667,,10.518151111111111,21.15385861111111,16.017230833333333,40.19056416666666,12.67154611111111,7.88324,10.817551111111111,9.241123055555555,13.353366944444444,3.6840488888888885,34.67950305555556,14.028953888888887,34.0869075,4.575016388888889,66.52921888888889,42.926428055555554,40.29319888888889,73.3329775,25.887910277777777,20.00360472222222,64.29980027777778,6.250979166666667,14.648459166666667,8.508110277777778,14.203859722222221,32.28777777777778,12.57624888888889,,,23.94320527777778,30.249485555555555,33.64635194444445,,,,,,,,,,,,,,,,,,,,,,,,,,,,,
,,,,,,,,,,,,,,,,,,,,,,,,,,,,,,,,,,,,,,,,,,,,,,,,,,,,,,,,,,,,,,,
58.43588555555555,84.08030388888888,,58.397040000000004,56.496254444444446,71.70042972222222,85.874705,60.550446944444445,58.70111111111111,58.69642805555556,58.30030388888889,67.66001722222222,64.21875,77.40886277777778,53.452217777777776,69.99799472222222,62.676696944444444,6.460793611111111,88.61126722222221,85.97737833333332,16.10605361111111,66.807665,44.7805425,26.30583777777778,63.1342925,53.33628916666667,58.40233083333334,62.048294166666665,73.69733500000001,68.03070305555555,,,69.88582472222222,65.20421888888889,60.54586805555556,64.357435,,,,,,,,,,,,,,,,,,,,,,,,,,,,
31.338300833333335,52.33996083333333,,13.681145833333334,24.316811944444446,21.53962027777778,45.11219194444445,15.834535555555556,11.0462825,13.980540277777777,12.404159166666666,18.875854999999998,4.621830555555555,39.075395,9.902058333333335,38.25808166666667,6.844982777777777,62.40209194444444,47.84802944444444,45.214821944444445,67.87552083333334,30.28341361111111,22.472975277777778,60.17267361111111,10.7555175,17.36,11.671155555555556,18.708279166666664,36.68328555555556,18.098744444444446,,,28.33870888888889,33.412439166666665,36.66032111111111,6.229905555555556,,64.91369777777778,,,,,,,,,,,,,,,,,,,,,,,,,,
,,,,,,,,,,,,,,,,,,,,,,,,,,,,,,,,,,,,,,,,,,,,,,,,,,,,,,,,,,,,,,,
,,,,,,,,,,,,,,,,,,,,,,,,,,,,,,,,,,,,,,,,,,,,,,,,,,,,,,,,,,,,,,,
29.197348055555555,51.0649175,,14.285779166666666,22.0504275,26.18838333333333,48.90132805555555,16.43916888888889,12.904575833333332,14.585175833333334,13.624257777777778,23.608700000000002,9.270488333333335,42.66315111111111,5.0328027777777775,36.982725555555554,9.249167777777778,57.53283861111112,51.637170000000005,49.00395833333334,63.00626305555555,30.482300277777778,19.2966125,55.30341583333333,14.543821666666668,14.362296111111112,9.518845555555554,19.79428388888889,38.951718888888884,22.747387222222223,,,32.12704222222222,32.137504444444446,33.78715722222222,11.035118333333333,,60.044444444444444,6.954001111,,,,,,,,,,,,,,,,,,,,,,,,,
12.409246944444444,20.999796111111113,,22.563053333333333,17.893088055555555,20.26119138888889,16.18439138888889,21.689140555555557,25.984043055555553,22.862445833333332,24.058654444444446,19.36278,32.80421444444445,8.421241944444445,36.0763825,6.675028333333333,30.245607777777778,73.87671889,18.92022361111111,16.2870225,79.34971361111111,4.938216111111111,29.524641944444443,71.61807277777778,25.71866527777778,24.907495555555556,26.766000555555554,19.60570527777778,4.709811111111111,19.652853611111112,,,7.694199722222222,5.7757394444444445,16.529055,30.06027138888889,,76.38815972222223,34.550165,,,35.08185111111111,,,,,,,,,,,,,,,,,,,,,,
20.037916666666668,41.00841138888889,,2.462258888888889,14.129052777777776,13.16013888888889,34.56115027777778,3.309477777777778,6.5504075,2.9614933333333333,4.813705,9.2899925,13.20127388888889,28.52438805555556,17.454466111111113,26.68278861111111,10.342070277777777,64.14580305555556,37.297061666666664,34.66377833333333,69.61894972222223,18.499086388888887,16.28884777777778,61.867782222222225,4.858278611111111,10.933596944444444,7.520963055555556,3.9622491666666666,26.132662777777778,9.660647777777779,,,17.788113055555556,22.112005277777776,25.359878333333334,10.317642222222222,,66.65731777777778,14.84545138888889,,,16.45994138888889,23.378919166666666,,,,,,,,,,,,,,,,,,,,,
25.517424166666668,51.11986972222222,,16.20475138888889,19.494509444444443,31.16607,50.96454416666666,18.358135833333336,16.50882916666667,16.504149444444444,16.108014444444443,27.49036666666667,18.515036944444446,43.90510416666667,7.748750555555556,37.078962777777775,17.5003375,49.03512583333334,53.70036888888889,51.06717888888889,54.50855027777777,31.724472777777777,11.81268888888889,46.805703055555554,20.941833888888887,13.680087777777777,14.573051111111111,21.67854388888889,40.19370222222222,27.769730833333334,,,33.94462888888889,32.285468888888886,29.110579444444443,20.27971361111111,,51.546731666666666,16.215622777777778,,,11.332339444444443,36.604401111111116,18.476998611111114,,,,,,,,,,,,,,,,,,,,
15.136435555555554,16.53493277777778,,26.358456944444445,21.069724444444446,25.600019444444445,15.300200833333333,25.484544166666666,29.77944666666667,26.657849444444444,27.854058055555555,24.568313888888888,37.25852444444444,5.584703333333334,39.871727500000006,4.723051666666667,34.119594166666666,76.60399305555555,18.03604388888889,15.402831944444443,82.07701388888889,8.73359,32.25181416666667,74.34519111111112,30.172945,28.702899444444444,30.561404166666666,23.401100277777775,4.7358875,24.85838972222222,,,13.03303388888889,8.502918333333334,19.25624361111111,34.5145725,,79.11546,39.00441416666667,,,38.87721361111112,5.888975277777778,27.086391111111112,40.04232638888889,,,,,,,,,,,,,,,,,,,
25.674529166666666,51.27767361111111,,18.598079444444444,19.65176222222222,33.55939444444444,51.37787333333333,20.751406111111113,18.902178888888887,18.897497777777776,18.501345555555556,29.88369138888889,20.71193361111111,44.318194444444444,9.945698889,37.23605888888889,19.928285555555554,46.60806,54.11408,51.48049472222222,52.08148444444445,32.13686638888889,11.969892499999998,44.378637222222224,23.335160555555554,14.708282222222222,16.966376944444445,24.10655611111111,40.606254444444446,30.163055555555555,,,35.129331666666666,32.44257388888889,29.267684444444445,22.476573333333334,,49.11966583333333,18.41258888888889,,,13.52930111111111,37.01671444444444,20.870273333333333,5.029568611111111,40.31164055555555,,,,,,,,,,,,,,,,,,
27.123142222222224,52.72577694444444,,18.73184888888889,21.10018,33.69316611111111,52.82597666666667,20.885178055555556,19.03592888888889,19.03125,18.635110555555556,30.017463055555556,19.63380638888889,45.76629777777777,8.867458333333333,38.68504333333333,19.42772138888889,48.23831611111111,55.56218305555556,52.92859805555556,53.71174055555556,33.585479722222225,13.418390833333333,46.00889333333333,23.46893222222222,16.156715555555554,17.100143333333335,24.240327777777775,42.05480027777777,30.29682722222222,,,36.506453888888885,33.89118694444444,30.71629777777778,21.398476666666667,,50.749921944444445,17.334373888888887,,,12.451089444444444,38.46570305555555,21.004045,4.101773888888889,41.7602475,4.364875555555556,,,,,,,,,,,,,,,,,
21.853917222222222,41.0678125,,5.243920277777778,16.973887777777776,11.720460000000001,33.263307222222224,6.507617777777778,6.562251111111111,5.743146666666667,6.659537777777778,8.044773888888889,10.19256611111111,27.226545,18.293767222222225,26.74303833333333,7.711560833333333,66.87699666666667,35.9991275,33.36593527777778,72.4009375,18.434952222222222,19.07055777777778,64.64977,3.184619722222222,13.715321111111113,9.043871944444444,7.123013888888888,24.83482,8.279472222222221,,,16.490254999999998,23.293706666666665,27.1757575,7.526226111111112,,69.43930555555555,12.016113333333333,,,15.612243888888889,22.4860525,3.520234722222222,21.291174166666668,27.17994583333333,23.649353333333334,23.80974833333333,,,,,,,,,,,,,,,,
31.542274444444445,52.94746527777778,,14.288744444444445,24.395353611111112,21.948270277777777,45.719696111111105,16.442134444444445,11.653879166666666,14.588139166666666,13.011757777777778,19.284398888888887,4.149735833333334,39.682899444444445,8.933818333333333,38.86543833333334,7.452611666666666,61.431709999999995,48.45553388888889,45.82232638888889,66.90513444444444,30.891100277777777,21.820173611111112,59.202287222222225,11.363107777777778,16.707159166666667,11.863753333333333,19.31588972222222,37.29101138888889,18.507280833333333,,,28.94639527777778,34.02012583333333,36.132083333333334,6.837544444444444,,63.94546444444444,3.822865,,,5.987587777777778,34.94220055555556,15.387053055555556,15.195371111111111,39.63630638888889,17.450596666666666,16.34158972222222,12.501455,,,,,,,,,,,,,,,
32.5072525,54.85888444444444,,18.079413055555555,25.844047222222223,28.465512222222223,52.23708777777778,20.2328125,16.69820861111111,18.378810833333333,17.417891666666666,25.883341944444446,11.327638888888888,46.200290833333334,4.813161944444445,40.77675777777778,13.067800555555555,55.887773333333335,54.972925277777776,52.33971777777778,61.36119777777778,34.27591805555555,18.802489166666664,53.65835055555556,17.88032111111111,17.677345833333334,13.312475000000001,23.58790138888889,42.74568583333334,25.02451611111111,,,35.463637222222225,35.93112194444445,36.100408055555555,13.354750555555555,,58.39937944444444,9.517238611111111,,,4.936981944444444,39.15596361111111,20.351673055555555,9.649011388888889,43.003389722222224,11.904296944444443,10.797400277777779,19.01870444444444,7.863889444444444,,,,,,,,,,,,,,
14.351175000000001,35.3523025,,6.733941388888889,7.6392452777777775,15.021616666666667,32.90810777777778,6.241325277777778,10.154980555555555,7.033334444444445,8.229537222222222,10.981765277777779,17.69494027777778,25.84866527777778,19.61604388888889,21.270388333333333,14.495106388888889,61.775933055555555,35.643949722222224,33.010735555555556,67.24907999999999,13.66827138888889,14.185224722222223,59.47002166666667,12.531163333333334,8.325121666666666,10.93694888888889,5.329731944444444,22.137209166666665,11.27182611111111,,,15.659880555555555,16.425327777777778,19.673055555555557,16.175815,,64.28744777777779,19.4166125,,,18.632085555555555,18.548170555555558,8.081931389,20.023847777777778,22.394891388888887,21.35196611111111,22.552549999999997,11.063654444444445,20.15567916666667,22.465488333333333,,,,,,,,,,,,,
25.320446944444445,44.26365444444444,,9.952979722222222,20.486660277777776,9.770010833333332,33.94302944444445,11.743730555555556,9.218415833333333,10.452197222222223,11.06629888888889,7.106129444444444,9.341995555555556,29.439715833333334,19.5454925,29.938736944444443,8.9632725,70.53808166666667,36.67894527777778,34.04566194444445,76.06126722222221,21.630720555555556,22.731616666666667,68.31085944444445,5.670266944444444,17.37647777777778,11.478523333333333,10.707077777777778,27.902037777777778,6.373676111111111,,,18.689251388888888,26.489498611111113,30.64226138888889,6.672548888888889,,73.04897555555554,12.27165138888889,,,16.85653,25.55326388888889,8.756237500000001,24.13572472222222,30.375644444444447,26.49395611111111,26.654346666666665,5.28136,12.777468611111113,19.19156472222222,14.524388055555555,,,,,,,,,,,,
31.60315111111111,52.60469611111111,,13.945860555555555,24.58166222222222,21.804470555555554,45.37692722222222,16.099250277777777,11.310996111111113,14.245255,12.668873611111112,19.140581666666666,4.886604722222222,39.34013027777778,10.616028611111112,38.52272555555556,7.1097525,63.11607638888889,48.112764722222224,45.47955722222222,68.58950527777777,30.54826388888889,23.186918333333335,60.88665805555556,11.020235555555555,18.076163333333334,11.935870277777779,18.973016388888887,36.94812944444445,18.363455,,,28.60355888888889,33.67728944444445,36.925165,6.494683611111111,,65.62768222222222,0.8068669444444444,,,7.652871666666667,34.59936416666667,15.044168888888889,16.877630277777776,39.29354166666667,19.13283,18.025998333333334,12.158570833333334,4.5522205555555555,10.286522222222223,19.671082777777777,12.511240277777777,,,,,,,,,,,
18.51000861111111,14.606643888888888,,29.731998611111113,24.44326611111111,27.59831611111111,16.792025833333334,28.858085833333334,33.15298833333333,30.031391111111112,31.227599722222223,26.69991527777778,40.1414975,7.249898611111111,43.245351666666664,6.689975,37.49325944444444,80.08098083333334,19.527868888888886,16.89465722222222,85.55370666666666,12.107176666666668,35.72918388888889,77.82223083333334,33.05579,32.07644111111111,33.93494583333333,26.774641944444443,6.734241111111111,26.989982777777776,,,15.031375833333334,11.422144166666666,22.602834166666664,37.397482777777775,,82.59221361,41.88739138888889,,,42.250837777777775,9.262563055555555,30.459932777777777,43.65419277777778,3.9677733333333336,43.849761388888886,45.280503333333336,29.930722777777778,42.62647555555556,46.094834999999996,25.686811944444443,33.071490833333336,42.10160166666667,,,,,,,,,,
8.26199,33.90548166666667,,14.273318055555556,5.073821111111111,22.80331611111111,35.69956611111111,14.028229166666666,16.599520277777778,14.572719166666666,15.768932222222222,18.75321166666667,23.774811111111113,27.234388055555556,20.78032111111111,19.823515555555556,20.574904444444446,54.94084194444444,38.43539944444444,35.802196111111115,60.41399305555556,16.607969722222222,9.248355,52.682074722222225,20.070496944444447,9.902057222222224,16.300735555555555,13.151800000000001,23.522951388888888,19.043266111111112,,,19.711325833333333,15.030048888888889,11.855148611111112,22.255700833333332,,57.45236111111111,24.876089444444446,,,21.8595725,20.317743055555557,15.985765,17.339883888888888,23.114943611111112,17.495589166666665,18.92631722222222,18.845349444444444,24.287330833333336,24.285703055555555,9.529813333333333,22.370785555555553,25.595807222222223,26.28147138888889,,,,,,,,,
,,,,,,,,,,,,,,,,,,,,,,,,,,,,,,,,,,,,,,,,,,,,,,,,,,,,,,,,,,,,,,,
4.5557475,29.50156888888889,,22.930735555555557,11.87065222222222,25.730698888888888,31.295653333333334,22.45561638888889,25.649576944444444,23.23013027777778,24.42633027777778,24.2592425,32.82485472222222,22.801649444444443,30.09287111111111,15.419636388888888,29.62494583333333,60.43264333333333,34.03149527777778,31.398283333333335,65.90579000000001,12.700173611111111,17.69778527777778,58.173875833333334,28.72783861111111,19.21951388888889,25.35079222222222,21.3684375,19.11906888888889,24.549311944444444,,,17.50600361111111,10.626128333333332,4.5866830555555556,31.305744444444443,,62.94415805555556,34.18863944444445,,,31.172124444444446,15.913861666666667,24.296226111111114,26.652436944444446,18.71108277777778,26.808140277777778,28.238869444444443,26.196289166666666,33.59988055555556,33.59825305555555,18.579889444444444,29.728667499999997,34.76083555555556,21.87755416666667,9.380934166666666,,,,,,,,
20.40547972222222,39.348645833333336,,10.106004722222222,15.870955,6.540153611111111,30.1758875,10.218152222222221,12.749596388888888,10.605237500000001,11.997124444444445,3.642904722222222,13.81005,25.19995,24.01360888888889,25.023769444444447,13.431386666666667,70.46784277777778,32.91170777777778,30.278515555555558,75.94052083333334,16.715762777777776,22.877424166666668,68.16193138888889,9.695069444444444,17.15632388888889,15.164716666666667,7.2064691666666665,23.115546944444443,3.036961388888889,,,14.449889444444445,21.574531111111114,25.72729388888889,11.140665277777776,,72.97936638888888,16.739699444444444,,,21.324583333333333,20.76686638888889,7.946047222222222,26.153279166666664,25.46067722222222,28.511553888888887,28.67194888888889,6.698580833333334,17.245516388888888,23.659681111111112,10.369240555555557,4.9692469444444445,16.953892222222223,28.24659722222222,18.18051861111111,,24.783845555555555,,,,,,
9.653497222,34.131664444444446,,10.842806111111111,2.506635277777778,18.786325833333333,33.93248055555556,10.367691111111112,13.526674166666668,11.11851138888889,12.338431944444446,14.962329722222222,20.7020225,26.873057777777777,20.999034166666668,20.049724444444443,17.502086666666667,59.327895,36.668372500000004,34.03510861111111,64.80104166666666,14.692659444444445,11.737501111111111,57.02198361111111,16.639981666666667,7.665781111111111,13.227888333333334,9.340378611,23.161707777777778,15.252390277777778,,,17.557151666666666,15.256255555555555,14.999059166666665,19.182864444444444,,61.83940972222222,22.423819444444444,,,20.004503055555553,19.572612777777778,12.208325833333333,18.74872166666667,23.166395277777777,18.904418333333336,20.33511944444444,15.044217777777778,22.432248333333334,23.84849611111111,5.728694166666666,18.56964194444444,22.638012222222223,26.507660555555553,5.083311666666666,,14.020611944444445,14.302316666666666,,,,,
53.01676638888889,78.66136277777778,,52.977921111111115,51.07713555555556,66.28131083333334,80.45576389,55.13132805555555,53.28199222222222,53.27730888888889,52.881185,62.240898333333334,58.79963111111111,71.98995666666667,48.03309888888889,64.57887583333334,57.257578055555555,6.319775833333333,83.19232638888889,80.5584375,12.218449444444444,61.38854611111111,39.361423611111114,20.887517222222225,57.71517361111111,47.91717,52.98321166666667,56.629175277777776,68.27844194444445,62.51280388888889,,,64.46670583333334,59.78509972222222,55.12674916666666,58.93831611111111,,5.732674722222223,56.50016055555556,,,51.61672305555556,65.07315527777777,55.25019527777778,43.145134444444444,67.87042972222223,40.505516388888886,42.78028638888888,58.07987833333333,55.58452694444444,49.954639722222225,53.007126666666665,61.72521694444444,57.21992194444445,71.03703555555556,46.18698777777777,,51.49337666666666,61.58089416666667,50.551614444444446,,,,
16.889299166666667,42.07816833333333,,9.525038055555557,10.433952777777778,23.1332075,40.735685833333335,11.67846361111111,9.829115555555555,9.824435833333332,9.428299722222222,19.103732777777775,17.003343055555558,33.67573138888889,13.967394722222222,27.922378333333334,13.803490555555555,55.39738277777778,43.471709999999995,40.83831166666666,60.87052944444444,21.422289444444445,7.513191111111111,53.091471388888884,14.262199444444445,2.101526111111111,9.530328888888889,13.372317777777777,29.890978611111112,19.3937825,,,23.71540361111111,23.077348055555554,20.48245888888889,15.485344999999999,,57.908897499999995,17.91458777777778,,,14.898123888888888,26.3020225,11.797325277777778,13.479295833333332,30.14866972222222,13.63500111111111,15.065728055555555,14.626905277777777,17.32588972222222,18.17977972222222,9.719153611111112,18.27216361111111,18.63431,33.597816944444446,8.679109166666667,,18.120604444444446,18.443736944444442,9.027533611,52.508389722222226,,,
29.56740027777778,51.984835,,14.017591111111111,22.42066416666667,23.04692916666667,46.61936638888889,16.171018888888888,11.486692777777778,14.317019444444444,12.844595277777778,20.383075,6.129105277777778,40.582569444444445,9.555570833333334,37.901848888888885,6.327966666666667,62.055733611111116,49.35520388888889,46.72199666666666,67.52915805555556,30.766245555555553,20.503072777777778,59.82631083333334,12.262777777777778,15.390039166666668,8.367937777777778,19.52628916666667,38.19073361111111,19.608500555555555,,,29.846017777777778,33.056671111111115,34.81491111111111,7.7371711111111106,,64.56733944444444,3.624515833333333,,,6.5924249999999995,35.6461675,16.286714444444446,15.8171875,39.493090277777775,18.072413333333333,16.965555555555557,13.401116666666665,4.206064166666667,9.403686111,19.193895277777777,13.753785833333334,4.344241944444445,42.86949222222222,23.01149527777778,,32.401135,18.194446666666668,20.546197777777778,59.16666222222222,15.846948888888889,,
22.9575325,43.95901916666667,,5.3003044444444445,15.9360775,17.42171972222222,38.964800277777776,7.453692500000001,2.0040419444444444,5.599701111111111,3.9860894444444446,13.745984166666666,8.005698333333333,32.927795,14.884035277777778,29.876911944444444,4.805863055555555,62.64234388888889,41.70082472222222,39.06743916666667,68.11548611111111,22.049051666666667,14.78582138888889,60.36432277777778,4.8732927777777775,9.431822777777777,3.5399986111111112,10.088907222222222,30.518148888888888,13.980686944444443,,,22.19147777777778,25.031673055555554,28.428539444444443,6.486568888888889,,65.15385416666666,9.727502222222222,,,12.535783333333333,26.928973611111108,6.160035277777778,17.006524444444445,30.77583111111111,19.36469388888889,19.52508888888889,6.190496944444445,10.46657888888889,16.37977861111111,11.025565277777778,8.883256389,9.941706944444444,34.15169916666667,17.113325833333334,,26.293648055555558,12.115249444444444,14.061552777777777,59.7026475,10.129786111111112,10.713555833333333,
