Transaction Date,Post Date,Description,Category,Type,Amount,Memo
9/10/2025,9/11/2025,CUB FOODS #01591,Groceries,Sale,-9.74,
9/10/2025,9/11/2025,HY-VEE OAKDALE 1462,Groceries,Sale,-26.43,
9/9/2025,9/10/2025,HY-VEE F&amp;F OAKDALE 5462,Gas,Sale,-12.43,
9/9/2025,9/10/2025,CUB FOODS #01591,Groceries,Sale,-42.19,
9/8/2025,9/10/2025,TRADER JOE S #715,Groceries,Sale,-21.79,
9/7/2025,9/9/2025,ANGRY TROUT CAFE,Food & Drink,Sale,-72.41,
9/7/2025,9/8/2025,HOLIDAY STATIONS 3516,Gas,Sale,-12.5,
9/7/2025,9/8/2025,SPEEDWAY 04500,Gas,Sale,-42.24,
9/7/2025,9/8/2025,SQ *JAVA MOOSE,Food & Drink,Sale,-7.52,
9/7/2025,9/8/2025,APPLE.COM/BILL,Entertainment,Sale,-10.54,
9/5/2025,9/7/2025,PIERSON PSYCHOLOGICAL,Health & Wellness,Sale,-15,
9/5/2025,9/7/2025,VE ST PAUL,Entertainment,Sale,-10.99,
9/5/2025,9/7/2025,STEAMGAMES.COM 4259522985,Entertainment,Sale,-33.87,
9/4/2025,9/5/2025,SPEEDWAY 46494,Gas,Sale,-31.68,
9/4/2025,9/5/2025,MADISON LA FOLLETTE HI,Gifts & Donations,Sale,-26,
9/4/2025,9/5/2025,SP TC RUNNING CO,Running,Sale,-9.78,
9/4/2025,9/5/2025,SPEEDWAY 46494,Gas,Sale,-11.63,
9/4/2025,9/5/2025,HOLIDAY STATIONS 0362,Gas,Sale,-27.18,
9/3/2025,9/4/2025,AMAZON MKTPL*G22050OG3,Shopping,Sale,-38.1,
9/3/2025,9/4/2025,AMAZON MKTPL*OO5SE1S03,Shopping,Sale,-45.52,
9/3/2025,9/4/2025,AMAZON MKTPL*BK49O45K3,Shopping,Sale,-47.44,
9/3/2025,9/4/2025,HY-VEE OAKDALE 1462,Groceries,Sale,-54.54,
9/3/2025,9/4/2025,AMAZON MKTPL*050234QG3,Shopping,Sale,-44.94,
9/2/2025,9/3/2025,LOADS OF LAUNDRY - OAKDA,Health & Wellness,Sale,-7,
9/2/2025,9/3/2025,HY-VEE OAKDALE 1462,Groceries,Sale,-20.04,
9/2/2025,9/3/2025,HY-VEE OAKDALE 1462,Groceries,Sale,-56.44,
9/3/2025,9/3/2025,PUBLIC STORAGE 25562,Bills & Utilities,Sale,-77,
9/2/2025,9/3/2025,SP TC RUNNING CO,Shopping,Sale,-16.35,
9/1/2025,9/3/2025,KWIK TRIP #1078,Gas,Sale,-12.88,
9/1/2025,9/2/2025,GEICO  *AUTO,Bills & Utilities,Sale,-90.19,
8/31/2025,9/1/2025,FS *klimat,Shopping,Sale,-5,
8/31/2025,9/1/2025,KOWALSKI'S WHT,Groceries,Sale,-5.73,
8/31/2025,9/1/2025,MINNESOTA STATE FAIR,Entertainment,Sale,-20,
8/30/2025,9/1/2025,MT SNELLING AND GRAND,Travel,Sale,-4,
8/30/2025,8/31/2025,SQ *GIGGLES' CAMPFIRE GRI,Food & Drink,Sale,-30.13,
8/30/2025,8/31/2025,BEANS &amp; BEIGNETS,Food & Drink,Sale,-26,
8/30/2025,8/31/2025,LULUS AT THE FAIR 25,Food & Drink,Sale,-13.1,
8/29/2025,8/31/2025,HY-VEE F&amp;F OAKDALE 5462,Gas,Sale,-12.43,
8/29/2025,8/31/2025,HY-VEE OAKDALE 1462,Groceries,Sale,-51.52,
8/30/2025,8/31/2025,SQ *TRIANGLE ACRES  INC,Groceries,Sale,-8,
8/28/2025,8/31/2025,TST*UTEPILS BREWING,Food & Drink,Sale,-10.7,
8/30/2025,8/31/2025,SQ *FRIENDS OF THE BOUNDA,Gifts & Donations,Sale,-10,
8/28/2025,8/29/2025,MN COURT HENNEPIN WEB SER,Bills & Utilities,Sale,-2.34,
8/28/2025,8/29/2025,MN COURT HENNEPIN,Bills & Utilities,Sale,-45,
8/29/2025,8/29/2025,TGTG vgayvrpatav31,Food & Drink,Sale,-15.98,
8/28/2025,8/29/2025,AXS.COMFIRST AVENUE,Entertainment,Sale,-38.54,
8/27/2025,8/28/2025,SPEEDWAY 46494,Gas,Sale,-28.34,
8/27/2025,8/28/2025,PIERSON PSYCHOLOGICAL,Health & Wellness,Sale,-15,
8/27/2025,8/28/2025,SPEEDWAY 46494,Gas,Sale,-11.63,
8/26/2025,8/28/2025,CENTRO,Food & Drink,Sale,-9.92,
8/26/2025,8/27/2025,SUMMIT LIQUOR,Food & Drink,Sale,-14.4,
8/27/2025,8/27/2025,CENTRO,Food & Drink,Sale,-72.56,
8/26/2025,8/27/2025,SPEEDWAY 46494,Gas,Sale,-11.63,
8/24/2025,8/25/2025,HOLIDAY STATIONS 0325,Gas,Sale,-34.2,
8/25/2025,8/25/2025,TGTG ar4cm71z848j1,Food & Drink,Sale,-4.43,
8/23/2025,8/24/2025,TST* CITY HOUSE,Food & Drink,Sale,-9.93,
8/23/2025,8/24/2025,TST* CITY HOUSE,Food & Drink,Sale,-9.93,
8/22/2025,8/24/2025,CHEWY.COM,Pets,Sale,-125.64,
8/23/2025,8/24/2025,HY-VEE F&amp;F OAKDALE 5462,Gas,Sale,-44.77,
8/23/2025,8/24/2025,HY-VEE F&amp;F OAKDALE 5462,Gas,Sale,-12.33,
8/23/2025,8/24/2025,HY-VEE OAKDALE 1462,Groceries,Sale,-10.93,
8/23/2025,8/24/2025,HY-VEE F&amp;F OAKDALE 5462,Gas,Sale,-0.1,
8/22/2025,8/24/2025,149 GREAT CLIPS AT BERGEN,Health & Wellness,Sale,-27,
8/21/2025,8/22/2025,SQ *LA DONA CERVECERIA,Food & Drink,Sale,-9.6,
8/21/2025,8/22/2025,SQ *LA DONA CERVECERIA,Food & Drink,Sale,-27.6,
8/20/2025,8/21/2025,PIERSON PSYCHOLOGICAL,Health & Wellness,Sale,-15,
8/20/2025,8/21/2025,SQ *MN BRATWERKS  LLC,Groceries,Sale,-25.3,
8/19/2025,8/20/2025,REI.COM  800-426-4840,Shopping,Sale,-9.81,
8/19/2025,8/20/2025,EVERAI,Shopping,Sale,-12.99,
8/19/2025,8/20/2025,HOMEY GNOME VETERINARY C,Pets,Sale,-1221.4,
8/19/2025,8/20/2025,REI.COM  800-426-4840,Shopping,Sale,-9.81,
8/19/2025,8/20/2025,SPOT,Shopping,Sale,-16.27,
8/19/2025,8/19/2025,REI.COM  800-426-4840,Shopping,Sale,-48.98,
8/18/2025,8/19/2025,PIERSON PSYCHOLOGICAL,Health & Wellness,Sale,-15,
8/19/2025,8/19/2025,REI.COM  800-426-4840,Shopping,Sale,-155.5,
8/18/2025,8/19/2025,HY-VEE OAKDALE 1462,Groceries,Sale,-54.12,
8/18/2025,8/18/2025,REI.COM  800-426-4840,Shopping,Sale,-1.96,
8/17/2025,8/18/2025,NYTIMES DISC*,Bills & Utilities,Sale,-4.02,
8/17/2025,8/18/2025,HOLIDAY STATIONS 0024,Gas,Sale,-31.79,
8/16/2025,8/18/2025,MENARDS WEST DULUTH MN,Shopping,Sale,-5.96,
8/15/2025,8/17/2025,HY-VEE F&amp;F OAKDALE 5462,Gas,Sale,-34.06,
8/14/2025,8/17/2025,TST*DUE FOCACCERIA,Food & Drink,Sale,-11.98,
8/15/2025,8/17/2025,HY-VEE OAKDALE 1462,Groceries,Sale,-48.63,
8/15/2025,8/17/2025,HY-VEE OAKDALE 1462,Groceries,Sale,-35.62,
8/15/2025,8/17/2025,REI #15 BLOOMINGTON,Shopping,Sale,-52.98,
8/16/2025,8/17/2025,MCDONALD'S F15484,Food & Drink,Sale,-13.51,
8/16/2025,8/17/2025,HOLIDAY STATIONS #3842,Gas,Sale,-25.21,
8/13/2025,8/15/2025,365 MARKET N 888 432-3299,Food & Drink,Sale,-3.4,
8/13/2025,8/14/2025,TST* CARIBOU COFFEE - 132,Food & Drink,Sale,-25.18,
8/13/2025,8/14/2025,TST* CARIBOU COFFEE - 132,Food & Drink,Sale,-4.25,
8/12/2025,8/13/2025,WALGREENS #3122,Health & Wellness,Sale,-7.61,
8/11/2025,8/12/2025,MENGUIN,Shopping,Sale,-201,
8/11/2025,8/12/2025,HY-VEE OAKDALE 1462,Groceries,Sale,-72.44,
8/11/2025,8/12/2025,MI PARKS AND HARBORS WEB,Bills & Utilities,Sale,-518.8,
8/9/2025,8/11/2025,IHOP #3268,Food & Drink,Sale,-55.41,
8/10/2025,8/11/2025,HY-VEE F&amp;F OAKDALE 5462,Gas,Sale,-29.4,
8/10/2025,8/11/2025,CUB FOODS #01591,Groceries,Sale,-2.45,
8/10/2025,8/11/2025,HY-VEE OAKDALE 1462,Groceries,Sale,-27.41,
8/8/2025,8/10/2025,DOMINO'S 2043,Food & Drink,Sale,-33.34,
8/8/2025,8/10/2025,SQ *THE POTTER'S DAUGHTER,Shopping,Sale,-36.04,
8/8/2025,8/10/2025,BP#8498719NORTH STAR BP,Gas,Sale,-40.41,
8/8/2025,8/10/2025,SQ *JAMSEN'S FISH MARKET,Groceries,Sale,-31.2,
8/6/2025,8/8/2025,AMK IR GREENSTONE GRILL,Food & Drink,Sale,-12.41,
8/7/2025,8/8/2025,APPLE.COM/BILL,Shopping,Sale,-10.54,
8/6/2025,8/8/2025,AMK IR GREENSTONE GRILL,Food & Drink,Sale,-56.87,
8/6/2025,8/7/2025,SP ISRO KEWE PKS ASS,Entertainment,Sale,-3.71,
8/5/2025,8/6/2025,VE ST PAUL,Entertainment,Sale,-86.8,
8/4/2025,8/5/2025,SQ *JAMSEN'S FISH MARKET,Groceries,Sale,-7.91,
8/4/2025,8/5/2025,CHEWY.COM,Pets,Sale,-91.2,
8/4/2025,8/5/2025,ISLE ROYALE HARBORSIDE,Travel,Sale,-60,
8/3/2025,8/4/2025,FORT WILKINS STATE PARK,Bills & Utilities,Sale,-11,
8/1/2025,8/3/2025,KWIK TRIP #922,Gas,Sale,-25.11,
7/31/2025,8/3/2025,TST*UTEPILS BREWING,Food & Drink,Sale,-10.7,
8/1/2025,8/3/2025,GEICO  *AUTO,Bills & Utilities,Sale,-90.17,
7/31/2025,8/3/2025,KWIK TRIP #410,Gas,Sale,-2.31,
7/31/2025,8/3/2025,TST*UTEPILS BREWING,Food & Drink,Sale,-10.7,
8/3/2025,8/3/2025,PUBLIC STORAGE 25562,Bills & Utilities,Sale,-77,
7/31/2025,8/3/2025,KWIK TRIP #410,Gas,Sale,-43.67,
7/31/2025,8/1/2025,PIERSON PSYCHOLOGICAL,Health & Wellness,Sale,-15,
7/30/2025,7/31/2025,UWH HL MYCHART,Health & Wellness,Sale,-43.3,
7/29/2025,7/31/2025,CASEYS #1875,Gas,Sale,-17.94,
7/29/2025,7/30/2025,SUMMIT LIQUOR,Food & Drink,Sale,-33.24,
7/28/2025,7/29/2025,DOMINO'S 1917,Food & Drink,Sale,-51.98,
7/26/2025,7/28/2025,SARPINO'S PIZZERIA,Food & Drink,Sale,-48.28,
7/25/2025,7/27/2025,SQ *SLEEPING FAWN RESORT,Entertainment,Sale,-90.97,
7/26/2025,7/27/2025,HOLIDAY STATIONS 3811,Gas,Sale,-42.39,
7/26/2025,7/27/2025,HOLIDAY STATIONS 3811,Gas,Sale,-2.03,
7/25/2025,7/27/2025,PIERSON PSYCHOLOGICAL,Health & Wellness,Sale,-15,
7/22/2025,7/24/2025,RAPID SPIRITS,Food & Drink,Sale,-60.95,
7/22/2025,7/23/2025,WAL-MART #4244,Groceries,Sale,-5.96,
7/22/2025,7/23/2025,CHEWY.COM,Pets,Sale,-75.24,
7/19/2025,7/21/2025,RAPID SPIRITS,Food & Drink,Sale,-34.04,
7/20/2025,7/21/2025,HUGOS #11,Groceries,Sale,-226.91,
7/20/2025,7/21/2025,NYTIMES DISC*,Bills & Utilities,Sale,-4.02,
7/19/2025,7/20/2025,SPOT,Shopping,Sale,-16.27,
7/18/2025,7/20/2025,HY-VEE OAKDALE 1462,Groceries,Sale,-5.68,
7/18/2025,7/20/2025,HOLIDAY STATIONS 0463,Gas,Sale,-26.15,
7/18/2025,7/20/2025,HOLIDAY STATIONS 0463,Gas,Sale,-22.86,
7/19/2025,7/20/2025,EVERAI,Shopping,Sale,-12.99,
7/19/2025,7/20/2025,MUSKIE WATERS,Food & Drink,Sale,-14.89,
7/19/2025,7/20/2025,WAL-MART #4244,Groceries,Sale,-79.94,
7/19/2025,7/20/2025,PIERSON PSYCHOLOGICAL,Health & Wellness,Sale,-15,
7/17/2025,7/18/2025,WHITE DUCK DT,Food & Drink,Sale,-28.01,
7/16/2025,7/18/2025,5 WALNUT WINE BAR,Food & Drink,Sale,-31.4,
7/16/2025,7/18/2025,5 WALNUT WINE BAR,Food & Drink,Sale,-29.2,
7/17/2025,7/18/2025,SQ *WALLS WINE BAR,Shopping,Sale,-23.76,
7/15/2025,7/17/2025,BP#9275389EDGERTON OASIS,Gas,Sale,-88.01,
7/16/2025,7/17/2025,MCDONALD'S M6615,Food & Drink,Sale,-7.07,
7/16/2025,7/17/2025,BP#2008639CAPL IN0073,Gas,Sale,-73.41,
7/16/2025,7/17/2025,PILOT_00219,Gas,Sale,-80.02,
7/16/2025,7/17/2025,BP#2008639CAPL IN0073,Gas,Sale,-24.57,
7/16/2025,7/17/2025,NJ EZPASS,Travel,Sale,-25,
7/15/2025,7/17/2025,WAYPOINT PUBLIC HOUSE,Food & Drink,Sale,-34.99,
7/14/2025,7/15/2025,HY-VEE F&amp;F OAKDALE 5462,Gas,Sale,-12.24,
7/14/2025,7/15/2025,CUB FOODS - OAKDALE,Groceries,Sale,-39.56,
7/14/2025,7/15/2025,HOMEY GNOME VETERINARY C,Pets,Sale,-321.94,
7/14/2025,7/15/2025,HY-VEE F&amp;F OAKDALE 5462,Gas,Sale,-44.73,
7/13/2025,7/14/2025,SQ *LAVENDER BLUFF FARM,Shopping,Sale,-15,
7/13/2025,7/14/2025,HY-VEE OAKDALE 1462,Groceries,Sale,-32.98,
7/12/2025,7/14/2025,TST*A-SIDE PUBLIC HOUSE,Food & Drink,Sale,-55.53,
7/12/2025,7/13/2025,HY-VEE F&amp;F OAKDALE 5462,Gas,Sale,-12.24,
7/10/2025,7/13/2025,ALLEGNT AIR RGE,Travel,Sale,-133,
7/12/2025,7/13/2025,PIERSON PSYCHOLOGICAL,Health & Wellness,Sale,-15,
7/12/2025,7/13/2025,TST* CARIBOU COFFEE - 131,Food & Drink,Sale,-7,
7/10/2025,7/11/2025,SPEEDWAY 46494,Gas,Sale,-13.66,
7/10/2025,7/11/2025,ASBURY PARK MUNICIPAL CO,Bills & Utilities,Sale,-51.5,
7/10/2025,7/11/2025,HY-VEE OAKDALE 1462,Groceries,Sale,-29.52,
7/9/2025,7/10/2025,CABIN 61 LLC,Food & Drink,Sale,-82.79,
7/7/2025,7/9/2025,TARGET        00032045,Shopping,Sale,-5.78,
7/7/2025,7/8/2025,APPLE.COM/BILL,Shopping,Sale,-10.54,
7/7/2025,7/8/2025,MARATHON PETRO46185,Gas,Sale,-23.02,
7/7/2025,7/8/2025,MARATHON PETRO46185,Gas,Sale,-12.05,
7/5/2025,7/7/2025,LITTLE ANGIE'S CANTINA,Food & Drink,Sale,-31.81,
7/5/2025,7/7/2025,THE GARDEN WEDDING &amp; EVEN,Food & Drink,Sale,-32.4,
7/5/2025,7/7/2025,THE GARDEN WEDDING &amp; EVEN,Food & Drink,Sale,-21.6,
7/6/2025,7/7/2025,SQ *LOVE CREAMERY CANAL P,Food & Drink,Sale,-15.34,
7/5/2025,7/7/2025,THE GARDEN WEDDING &amp; EVEN,Food & Drink,Sale,-21.6,
7/5/2025,7/7/2025,GREAT LAKES AQUARIUM,Entertainment,Sale,-20,
7/5/2025,7/7/2025,THE GARDEN WEDDING &amp; EVEN,Food & Drink,Sale,-10.8,
7/5/2025,7/7/2025,DULUTH ENTERTAINMENT CONV,Travel,Sale,-10,
7/4/2025,7/6/2025,CUB FOODS #01591,Groceries,Sale,-27.55,
7/4/2025,7/6/2025,WM SUPERCENTER #2643,Groceries,Sale,-32.85,
7/3/2025,7/6/2025,TST*UTEPILS BREWING,Food & Drink,Sale,-10.7,
7/5/2025,7/6/2025,VE ST PAUL,Entertainment,Sale,-86.8,
7/3/2025,7/6/2025,TST*UTEPILS BREWING,Food & Drink,Sale,-11,
7/3/2025,7/4/2025,TST*MOSCOW ON THE HILL,Food & Drink,Sale,-51.75,
7/3/2025,7/4/2025,TARGET        00000687,Shopping,Sale,-19.74,
7/3/2025,7/4/2025,149 GREAT CLIPS AT BERGEN,Health & Wellness,Sale,-25,
7/2/2025,7/3/2025,SPEEDWAY 46494,Gas,Sale,-13.22,
7/3/2025,7/3/2025,PUBLIC STORAGE 25562,Bills & Utilities,Sale,-64,
7/1/2025,7/3/2025,MENARDS 3385,Shopping,Sale,-10.07,
7/1/2025,7/3/2025,TST*THE GNOME,Food & Drink,Sale,-97.34,
7/2/2025,7/3/2025,PIERSON PSYCHOLOGICAL,Health & Wellness,Sale,-15,
7/1/2025,7/2/2025,GEICO  *AUTO,Bills & Utilities,Sale,-90.17,
6/30/2025,7/1/2025,HOMEY GNOME VETERINARY C,Pets,Sale,-503.85,
6/29/2025,6/30/2025,HY-VEE F&amp;F OAKDALE 5462,Gas,Sale,-34.06,
6/29/2025,6/30/2025,HY-VEE F&amp;F OAKDALE 5462,Gas,Sale,-12.24,
6/29/2025,6/30/2025,WL *STEAM PURCHASE,Entertainment,Sale,-14.72,
6/28/2025,6/29/2025,CUB FOODS #01591,Groceries,Sale,-19.85,
6/28/2025,6/29/2025,CUB LIQUOR #01590,Groceries,Sale,-37.68,
6/26/2025,6/29/2025,STARBUCKS STORE 27985,Food & Drink,Sale,-21.94,
6/26/2025,6/29/2025,FRESH THYME #507,Groceries,Sale,-33.35,
6/27/2025,6/29/2025,O'REILLY 3290,Automotive,Sale,-210.66,
6/27/2025,6/29/2025,KWIK TRIP #166,Gas,Sale,-17.04,
6/27/2025,6/29/2025,KWIK TRIP #166,Gas,Sale,-84.58,
6/27/2025,6/29/2025,TST*SIR BENEDICTS TAVERN,Food & Drink,Sale,-32.46,
6/25/2025,6/27/2025,KWIK TRIP #1205,Gas,Sale,-44.09,
6/25/2025,6/27/2025,KWIK TRIP #1205,Gas,Sale,-17.57,
6/25/2025,6/27/2025,UW MADISON WISC UNION,Shopping,Sale,-3.8,
6/25/2025,6/26/2025,DKC*DIGI KEY CORP,Shopping,Sale,-38.53,
6/24/2025,6/26/2025,HARLEY`S BALT &amp; LIQUOR,Food & Drink,Sale,-32.68,
6/25/2025,6/26/2025,UW TS PARKING RAMP EMV,Travel,Sale,-7,
6/25/2025,6/26/2025,TST*MADISON SOURDOUGH,Food & Drink,Sale,-18.83,
6/25/2025,6/26/2025,CHEWY.COM,Pets,Sale,-59.58,
6/25/2025,6/25/2025,AXS.COMFIRST AVENUE,Entertainment,Sale,-75.85,
6/24/2025,6/25/2025,HY-VEE F&amp;F OAKDALE 5462,Gas,Sale,-12.24,
6/22/2025,6/24/2025,TST*THE TAVERN GRILL WOO,Food & Drink,Sale,-45.66,
6/21/2025,6/23/2025,EWR CUSTOM BURGERS C1,Food & Drink,Sale,-27.45,
6/22/2025,6/23/2025,HERTZ CAR RENTAL,Travel,Sale,-494.97,
6/22/2025,6/23/2025,HY-VEE F&amp;F OAKDALE 5462,Gas,Sale,-12.24,
6/22/2025,6/23/2025,HY-VEE F&amp;F OAKDALE 5462,Gas,Sale,-33.94,
6/22/2025,6/23/2025,NYTIMES DISC*,Bills & Utilities,Sale,-4.02,
6/21/2025,6/23/2025,SUNOCO 0368302601,Gas,Sale,-8.07,
6/21/2025,6/22/2025,SUNOCO 8000011302,Gas,Sale,-27.48,
6/20/2025,6/22/2025,JOE CANALS DISCOUNT LIQUO,Food & Drink,Sale,-29.79,
6/21/2025,6/22/2025,Amazon.com*NQ1NH1OU2,Shopping,Sale,-10.83,
6/19/2025,6/22/2025,SUNOCO 8000011302,Gas,Sale,-17.12,
6/21/2025,6/22/2025,ASBURY PARK PAY STATIONS,Travel,Sale,-10,
6/18/2025,6/20/2025,ISAAC NEWTONS BAR &amp; RE,Food & Drink,Sale,-45.29,
6/19/2025,6/20/2025,NJ EZPASS,Travel,Sale,-25,
6/19/2025,6/20/2025,SUNOCO 8000011302,Gas,Sale,-12.83,
6/19/2025,6/20/2025,JOE CANALS DISCOUNT LIQUO,Food & Drink,Sale,-39.42,
6/19/2025,6/20/2025,EVERAI,Shopping,Sale,-12.99,
6/18/2025,6/19/2025,TST* TACORIA- PRINCETON,Food & Drink,Sale,-20.01,
6/17/2025,6/19/2025,BARNES &amp; NOBLE #2368,Shopping,Sale,-43.71,
6/18/2025,6/19/2025,TERAKAWA RAMEN,Food & Drink,Sale,-62.78,
6/17/2025,6/18/2025,SUNOCO 8000011302,Gas,Sale,-12.83,
6/15/2025,6/17/2025,REI #161 PRINCETON,Shopping,Sale,-39.45,
6/16/2025,6/17/2025,TST* TACORIA- PRINCETON,Food & Drink,Sale,-37.58,
6/16/2025,6/17/2025,SUNOCO 8000011302,Gas,Sale,-12.83,
6/16/2025,6/17/2025,ROOTS,Food & Drink,Sale,-38.39,
6/15/2025,6/16/2025,SHOPRITE LAWRNCVLLE S1,Groceries,Sale,-14.6,
6/15/2025,6/16/2025,SHOPRITE LAWRNCVLLE S1,Groceries,Sale,-53.83,
6/14/2025,6/16/2025,MINNEAPOLIS AIRPORT,Food & Drink,Sale,-6.18,
6/13/2025,6/15/2025,TST* FOODSMITH,Food & Drink,Sale,-56.77,
6/14/2025,6/15/2025,TST* CARIBOU COFFEE - 132,Food & Drink,Sale,-4.69,
6/13/2025,6/15/2025,HY-VEE F&amp;F OAKDALE 5462,Gas,Sale,-12.24,
6/14/2025,6/15/2025,SATURN PIZZA PRINCETON,Food & Drink,Sale,-17.49,
6/14/2025,6/15/2025,MCDONALD'S F36622,Food & Drink,Sale,-11.95,
6/13/2025,6/15/2025,UNITED      0164304902994,Travel,Sale,-40,
6/11/2025,6/13/2025,ROVER.COM* PET SVCS.,Pets,Return,56.35,
6/12/2025,6/13/2025,SPO*O'SHAUGHNESSYDISTILLI,Food & Drink,Sale,-61.34,
6/11/2025,6/12/2025,TST*SURLY BREWING COMPAN,Food & Drink,Sale,-35.83,
6/11/2025,6/12/2025,SUNSHINE FACTORY BAR &amp;,Food & Drink,Sale,-15.63,
6/11/2025,6/12/2025,PIERSON PSYCHOLOGICAL,Health & Wellness,Sale,-15,
6/11/2025,6/12/2025,HY-VEE F&amp;F OAKDALE 5462,Gas,Sale,-12.24,
6/11/2025,6/12/2025,HY-VEE F&amp;F OAKDALE 5462,Gas,Sale,-27.47,
6/10/2025,6/11/2025,CHEWY.COM,Pets,Sale,-128.42,
6/9/2025,6/11/2025,WHOLEFDS WBY#10628,Food & Drink,Sale,-15.25,
6/10/2025,6/11/2025,HOLIDAY STATIONS 0434,Gas,Sale,-15,
6/10/2025,6/11/2025,AMAZON MKTPL*NA43894S2,Shopping,Sale,-9.1,
6/9/2025,6/10/2025,WHOLEFDS WBY#10628,Groceries,Sale,-13.66,
6/8/2025,6/9/2025,SPEEDWAY 04340,Gas,Sale,-11.49,
6/7/2025,6/9/2025,KWIK TRIP #1078,Gas,Sale,-31.14,
6/8/2025,6/9/2025,TST* CARIBOU COFFEE - 132,Food & Drink,Sale,-4.25,
6/7/2025,6/9/2025,APPLE.COM/BILL,Shopping,Sale,-10.54,
6/8/2025,6/9/2025,TST* WASHINGTON SQUARE BA,Food & Drink,Sale,-42.08,
6/5/2025,6/8/2025,TST*UTEPILS BREWING,Food & Drink,Sale,-15.79,
6/6/2025,6/8/2025,TST* CARIBOU COFFEE - 131,Food & Drink,Sale,-4.58,
6/6/2025,6/8/2025,HY-VEE F&amp;F OAKDALE 5462,Gas,Sale,-12.24,
6/6/2025,6/8/2025,STARBUCKS STORE 02318,Food & Drink,Sale,-3.54,
6/7/2025,6/8/2025,AMAZON MKTPL*N66LE0YB1,Shopping,Sale,-19.91,
6/6/2025,6/8/2025,ROSEVILLE VFW POST 7555,Food & Drink,Sale,-69.76,
6/6/2025,6/8/2025,PIERSON PSYCHOLOGICAL,Health & Wellness,Sale,-30,
6/5/2025,6/6/2025,VE ST PAUL,Entertainment,Sale,-86.8,
6/5/2025,6/6/2025,TST* CARIBOU COFFEE - 132,Food & Drink,Sale,-4.69,
6/4/2025,6/5/2025,HY-VEE F&amp;F OAKDALE 5462,Gas,Sale,-12.24,
6/4/2025,6/5/2025,HY-VEE OAKDALE 1462,Groceries,Sale,-108.92,
6/3/2025,6/4/2025,WL *Steam Purchase,Entertainment,Sale,-5.26,
6/3/2025,6/4/2025,HY-VEE OAKDALE 1462,Groceries,Sale,-46.74,
6/3/2025,6/4/2025,HY-VEE F&amp;F OAKDALE 5462,Gas,Sale,-35.82,
6/2/2025,6/3/2025,HY-VEE OAKDALE 1462,Groceries,Sale,-24.25,
6/2/2025,6/3/2025,BESTBUY.COM   00009944,Shopping,Sale,-7.61,
6/1/2025,6/3/2025,THE LEXINGTON,Food & Drink,Sale,-39.52,
5/31/2025,6/3/2025,RIVER SIREN BREWING CO,Food & Drink,Sale,-10.87,
6/2/2025,6/3/2025,HY-VEE OAKDALE 1462,Groceries,Sale,-5.76,
6/3/2025,6/3/2025,PUBLIC STORAGE 25562,Bills & Utilities,Sale,-64,
6/1/2025,6/2/2025,TST* CITY HOUSE,Food & Drink,Sale,-15.58,
6/1/2025,6/2/2025,TST* CITY HOUSE,Food & Drink,Sale,-9.93,
6/1/2025,6/2/2025,TST* CITY HOUSE,Food & Drink,Sale,-9.93,
6/1/2025,6/2/2025,TST* CITY HOUSE,Food & Drink,Sale,-9.93,
6/1/2025,6/2/2025,GEICO  *AUTO,Bills & Utilities,Sale,-90.17,
6/1/2025,6/1/2025,ANNUAL MEMBERSHIP FEE,Bills & Utilities,Fee,-95,
5/31/2025,6/1/2025,STEAMGAMES.COM 4259522985,Entertainment,Sale,-2.73,
5/31/2025,6/1/2025,MUSKIE 5K FUN RUN,Entertainment,Sale,-39.44,
5/30/2025,6/1/2025,HY-VEE F&amp;F OAKDALE 5462,Gas,Sale,-12.24,
5/30/2025,6/1/2025,FTD* FTD.COM,Shopping,Sale,-81.27,
5/30/2025,6/1/2025,TST* CARIBOU COFFEE - 131,Food & Drink,Sale,-4.58,
5/31/2025,6/1/2025,HY-VEE F&amp;F OAKDALE 5462,Gas,Sale,-12.24,
5/28/2025,5/30/2025,M&amp;H #26,Gas,Sale,-12.98,
5/29/2025,5/30/2025,CHEWY.COM,Pets,Sale,-245.15,
5/29/2025,5/30/2025,TST* ST PAUL BREWING,Food & Drink,Sale,-7.67,
5/29/2025,5/30/2025,TST* ST PAUL BREWING,Food & Drink,Sale,-19.56,
5/29/2025,5/30/2025,HY-VEE OAKDALE 1462,Groceries,Sale,-18.46,
5/28/2025,5/30/2025,SPO*TAQUERIALOSOCAMPO-ARC,Food & Drink,Sale,-49.31,
5/27/2025,5/29/2025,KWIK TRIP #1078,Gas,Sale,-34.98,
5/28/2025,5/29/2025,TST* WHITEYS OLD TOWN SAL,Food & Drink,Sale,-19.17,
5/27/2025,5/28/2025,MPLS,Travel,Sale,-0.75,
5/27/2025,5/28/2025,VE MINNEAPOLIS,Entertainment,Sale,-25.01,
5/27/2025,5/28/2025,HY-VEE OAKDALE 1462,Groceries,Sale,-31.6,
5/27/2025,5/28/2025,ROVER.COM* PET SVCS.,Pets,Sale,-225.37,
5/26/2025,5/27/2025,SPEEDWAY 04340,Gas,Sale,-11.49,
5/25/2025,5/27/2025,REI #42 ROSEVILLE,Shopping,Sale,-198.89,
5/26/2025,5/27/2025,LUNDS&amp;BYERLYS HIGHL,Groceries,Sale,-34.09,
5/26/2025,5/27/2025,HASKELLS ST PAUL,Food & Drink,Sale,-20.22,
5/26/2025,5/27/2025,TST* CARIBOU COFFEE - 144,Food & Drink,Sale,-4.24,
5/26/2025,5/27/2025,TST* WASHINGTON SQUARE BA,Food & Drink,Sale,-18.73,
5/25/2025,5/26/2025,NYTIMES DISC*,Bills & Utilities,Sale,-4.02,
5/25/2025,5/26/2025,SPEEDWAY 04340,Gas,Sale,-11.49,
5/23/2025,5/25/2025,FIRST AVENUE,Food & Drink,Sale,-13.75,
5/23/2025,5/25/2025,MENS WEARHOUSE #4107,Shopping,Sale,-184.96,
5/23/2025,5/25/2025,FIRST AVENUE,Food & Drink,Sale,-27.5,
5/23/2025,5/25/2025,KWIK TRIP #1078,Gas,Sale,-12.7,
5/23/2025,5/25/2025,TST*COBBLE SOCIAL HOUSE,Food & Drink,Sale,-173.97,
5/23/2025,5/25/2025,KWIK TRIP #1078,Gas,Sale,-35.13,
5/23/2025,5/25/2025,60059 - CITY CENTER RAMP,Travel,Sale,-30,
5/22/2025,5/25/2025,TST*UTEPILS BREWING,Food & Drink,Sale,-21.41,
5/24/2025,5/25/2025,VE BLOOMINGTON,Entertainment,Sale,-23.99,
5/23/2025,5/25/2025,HY-VEE OAKDALE 1462,Groceries,Sale,-14.59,
5/22/2025,5/23/2025,AXS.COMFIRST AVENUE,Entertainment,Sale,-26.88,
5/22/2025,5/23/2025,HY-VEE OAKDALE 1462,Groceries,Sale,-32.53,
5/22/2025,5/23/2025,HY-VEE OAKDALE 1462,Groceries,Sale,-15,
5/22/2025,5/23/2025,CAB STORE WOODBURY  MN,Shopping,Sale,-43.54,
5/21/2025,5/22/2025,HY-VEE F&amp;F OAKDALE 5462,Gas,Sale,-18.53,
5/20/2025,5/22/2025,TST*THE TAVERN GRILL WOO,Food & Drink,Sale,-8.74,
5/21/2025,5/22/2025,149 GREAT CLIPS AT BERGEN,Health & Wellness,Sale,-27,
5/21/2025,5/22/2025,ALLIANT ENERGY - WPL,Bills & Utilities,Sale,-13.72,
5/20/2025,5/22/2025,THE HOME DEPOT #2810,Shopping,Sale,-7.25,
5/20/2025,5/21/2025,SPEEDWAY 04340,Gas,Sale,-11.49,
5/20/2025,5/21/2025,NIC*WOODBURYCTR,Bills & Utilities,Sale,-180.81,
5/19/2025,5/20/2025,EVERAI,Shopping,Sale,-12.99,
5/19/2025,5/20/2025,HY-VEE F&amp;F OAKDALE 5462,Gas,Sale,-33.69,
5/19/2025,5/20/2025,CECIL'S,Food & Drink,Sale,-41.54,
5/17/2025,5/19/2025,BAUERNHOF KLAUSE BK TAP,Food & Drink,Sale,-46.06,
5/18/2025,5/19/2025,PANERA BREAD #601319 K,Food & Drink,Sale,-18.8,
5/17/2025,5/19/2025,BARNES &amp; NOBLE #3317,Shopping,Sale,-89.27,
5/15/2025,5/18/2025,TST*THE TAVERN GRILL WOO,Food & Drink,Sale,-18.12,
5/17/2025,5/18/2025,SPEEDWAY 04267,Gas,Sale,-11.39,
5/17/2025,5/18/2025,SIERRA #0058,Shopping,Sale,-7.61,
5/17/2025,5/18/2025,CUB FOODS,Groceries,Sale,-16.97,
5/17/2025,5/18/2025,CUB FOODS,Groceries,Sale,-24.16,
5/16/2025,5/18/2025,HY-VEE OAKDALE 1462,Groceries,Sale,-20.04,
5/16/2025,5/18/2025,HY-VEE OAKDALE 1462,Groceries,Sale,-66.03,
5/15/2025,5/16/2025,GAP US 480,Shopping,Return,41.97,
5/15/2025,5/16/2025,ULTRASIGNUP,Running,Sale,-157.65,
5/15/2025,5/16/2025,WHOLEFDS WBY#10628,Groceries,Sale,-27.98,
5/15/2025,5/16/2025,HY-VEE F&amp;F OAKDALE 5462,Gas,Sale,-12.24,
5/15/2025,5/16/2025,HY-VEE F&amp;F OAKDALE 5462,Gas,Sale,-16.04,
5/15/2025,5/16/2025,GAP US 480,Shopping,Sale,-86.34,
5/15/2025,5/16/2025,GAP US 480,Shopping,Sale,-41.97,
5/14/2025,5/15/2025,HY-VEE F&amp;F OAKDALE 5462,Gas,Sale,-12.24,
5/14/2025,5/15/2025,HY-VEE F&amp;F OAKDALE 5462,Gas,Sale,-31.93,
5/13/2025,5/15/2025,Union 32 Craft House,Food & Drink,Sale,-74.67,
5/14/2025,5/15/2025,CHEWY.COM,Pets,Sale,-91.2,
5/13/2025,5/14/2025,TST* THE HEN &amp; THE HOG RE,Food & Drink,Sale,-7.83,
5/13/2025,5/14/2025,SP KAROL COFFEE CO.,Groceries,Sale,-5.2,
5/13/2025,5/14/2025,SP KAROL COFFEE CO.,Groceries,Sale,-9.74,
5/10/2025,5/13/2025,11TH ST UNDER RAMP 8088,Travel,Sale,-11,
5/11/2025,5/12/2025,CUB FOODS #01591,Groceries,Sale,-10.83,
5/11/2025,5/12/2025,CUB FOODS - OAKDALE,Groceries,Sale,-8.18,
5/10/2025,5/11/2025,CUB FOODS #01591,Groceries,Sale,-28.11,
5/9/2025,5/11/2025,TARGET        00006940,Shopping,Sale,-49.93,
5/9/2025,5/11/2025,ELEPHANT THAI CUISINE,Food & Drink,Sale,-62.01,
5/9/2025,5/11/2025,HY-VEE F&amp;F OAKDALE 5462,Gas,Sale,-38.92,
5/9/2025,5/11/2025,GALLAGHERS BAR AND GRILL,Food & Drink,Sale,-33.84,
5/9/2025,5/11/2025,HY-VEE OAKDALE 1462,Groceries,Sale,-31.16,
5/6/2025,5/8/2025,REI #42 ROSEVILLE,Shopping,Return,9.38,
5/7/2025,5/8/2025,APPLE.COM/BILL,Shopping,Sale,-10.54,
5/7/2025,5/8/2025,WL *STEAM PURCHASE,Entertainment,Sale,-2.4,
5/6/2025,5/8/2025,MENARDS 3385,Shopping,Sale,-14.73,
5/6/2025,5/7/2025,PROPERTYREC.COM,Shopping,Sale,-20,
5/5/2025,5/6/2025,WL *Steam Purchase,Entertainment,Sale,-21.17,
5/5/2025,5/6/2025,CUB LIQUOR #01590,Groceries,Sale,-18.84,
5/5/2025,5/6/2025,CUB FOODS #01591,Groceries,Sale,-37.18,
5/5/2025,5/6/2025,ALLIANT ENERGY - WPL,Bills & Utilities,Sale,-39.1,
5/4/2025,5/5/2025,LinkedInPreB *94001126,Bills & Utilities,Sale,-195.88,
5/3/2025,5/4/2025,CUB FOODS WOODBURY,Groceries,Sale,-92.86,
5/3/2025,5/4/2025,PUBLIC STORAGE 25562,Bills & Utilities,Sale,-64,
5/3/2025,5/4/2025,JOANN STORES #1902,Shopping,Sale,-4.47,
5/3/2025,5/4/2025,TST* CARIBOU COFFEE - 132,Food & Drink,Sale,-4.69,
5/1/2025,5/4/2025,TST*THE TAVERN GRILL WOO,Food & Drink,Sale,-19.48,
5/1/2025,5/4/2025,THE HOME DEPOT #2810,Shopping,Sale,-65.26,
5/2/2025,5/4/2025,SPOT,Shopping,Sale,-16.27,
5/3/2025,5/4/2025,NEW WOODBURY CUB WI,Groceries,Sale,-104.2,
5/2/2025,5/4/2025,TST* CARIBOU COFFEE - 132,Food & Drink,Sale,-6.21,
4/30/2025,5/2/2025,WIDMERS SUPER MARKE,Groceries,Sale,-42.47,
5/1/2025,5/2/2025,GEICO  *AUTO,Bills & Utilities,Sale,-90.17,
5/1/2025,5/2/2025,STEAMGAMES.COM 4259522985,Entertainment,Sale,-9.48,
5/1/2025,5/2/2025,TST*HANDSOME HOG,Food & Drink,Sale,-37.68,
4/30/2025,5/2/2025,TST*HANDSOME HOG,Food & Drink,Sale,-12.22,
4/30/2025,5/1/2025,TST*MOSCOW ON THE HILL,Food & Drink,Sale,-54.53,
4/30/2025,5/1/2025,CHEWY.COM,Pets,Sale,-264.99,
4/30/2025,5/1/2025,SQ *NINA'S COFFEE CAFE,Food & Drink,Sale,-5.94,
4/29/2025,4/30/2025,NIC*WOODBURYCTR,Bills & Utilities,Sale,-46.99,
4/29/2025,4/30/2025,WEST WINDSOR INFOCUS,Health & Wellness,Sale,-25,
4/28/2025,4/30/2025,HOHO GOURMET RESTAURANT,Food & Drink,Sale,-62.75,
4/28/2025,4/29/2025,TARGET        00000687,Shopping,Sale,-13.72,
4/28/2025,4/29/2025,MADISON GAS &amp; ELECTRIC CO,Bills & Utilities,Sale,-14.74,
4/28/2025,4/29/2025,ROVER.COM* PET SVCS.,Pets,Sale,-25.2,
4/27/2025,4/29/2025,CASEYS #3204,Gas,Sale,-45.58,
4/27/2025,4/29/2025,KWIK TRIP #1078,Gas,Sale,-44.8,
4/25/2025,4/28/2025,RMNP BEAVER MEADOWS VISIT,Shopping,Sale,-74,
4/27/2025,4/28/2025,HY-VEE OAKDALE 1462,Groceries,Sale,-21.78,
4/27/2025,4/28/2025,GULF OIL 92059244,Gas,Sale,-40.53,
4/27/2025,4/28/2025,NYTIMES DISC*,Bills & Utilities,Sale,-4.02,
4/27/2025,4/28/2025,GULF OIL 92059244,Gas,Sale,-16.25,
4/27/2025,4/28/2025,CUB FOODS #01591,Groceries,Sale,-23.83,
4/26/2025,4/27/2025,CONOCO - NATIONAL PARK,Gas,Sale,-22.81,
4/24/2025,4/27/2025,CIRCLE K # 44111,Gas,Sale,-29.68,
4/24/2025,4/27/2025,CNHA - CANYONLANDS NEEDLE,Shopping,Sale,-87,
4/25/2025,4/27/2025,CARL'S JR 517,Food & Drink,Sale,-13.03,
4/26/2025,4/27/2025,THE GRUBSTEAK,Food & Drink,Sale,-125.98,
4/24/2025,4/25/2025,PILOT_00592,Gas,Sale,-37.43,
4/23/2025,4/25/2025,PROPER BREWING MOAB,Food & Drink,Sale,-36.2,
4/23/2025,4/25/2025,CNHA - ARCHES NATIONAL PA,Bills & Utilities,Sale,-58,
4/24/2025,4/25/2025,LOVE'S #0517 INSIDE,Gas,Sale,-17.95,
4/21/2025,4/24/2025,RED FEATHER LODGE,Travel,Sale,-205.16,
4/23/2025,4/24/2025,VILLAGE MARKET,Groceries,Sale,-29.46,
4/22/2025,4/24/2025,TUSAYAN STORE,Food & Drink,Sale,-23.3,
4/22/2025,4/23/2025,EXXON RR MOAB NORTH 7E,Gas,Sale,-35.14,
4/22/2025,4/23/2025,CHEVRON 0376935,Gas,Sale,-35.69,
4/21/2025,4/22/2025,MASWIK CAFE/PIZZA PUB,Food & Drink,Sale,-32.02,
4/21/2025,4/22/2025,MASWIK CAFE/PIZZA PUB,Food & Drink,Sale,-9.48,
4/21/2025,4/22/2025,GRNDCYNASSNVCP,Shopping,Sale,-86.95,
4/20/2025,4/21/2025,CHEVRON 0070024,Gas,Sale,-8.55,
4/19/2025,4/21/2025,ZION CANYON BREW PUB,Food & Drink,Sale,-46.17,
4/20/2025,4/21/2025,CHEVRON 0070024,Gas,Sale,-29.13,
4/18/2025,4/20/2025,ZION CANYON BREW PUB,Food & Drink,Sale,-66.72,
4/17/2025,4/20/2025,RUBY'S GENERAL STORE,Shopping,Sale,-5.35,
4/19/2025,4/20/2025,EVERAI,Shopping,Sale,-12.99,
4/18/2025,4/20/2025,SHELL OIL10012848015,Gas,Sale,-59.28,
4/18/2025,4/20/2025,SP ZION NATIONAL PARK,Shopping,Sale,-54.99,
4/17/2025,4/18/2025,RECREATION.GOV,Bills & Utilities,Sale,-6,
4/17/2025,4/18/2025,AMK BRYCE CANYON GENERAL,Groceries,Sale,-13.5,
4/17/2025,4/18/2025,RECREATION.GOV,Bills & Utilities,Sale,-3,
4/16/2025,4/17/2025,RECREATION.GOV,Bills & Utilities,Sale,-6,
4/16/2025,4/17/2025,MCDONALD'S F10047,Food & Drink,Sale,-8.12,
4/16/2025,4/17/2025,BRYCE CANYON SINCLAIR,Gas,Sale,-42.1,
4/15/2025,4/17/2025,TST*THE BIRD,Food & Drink,Sale,-27.47,
4/16/2025,4/17/2025,BRYCE CANYON ASSOCIATION,Shopping,Sale,-71.22,
4/14/2025,4/16/2025,BIG D #18,Gas,Sale,-31.47,
4/14/2025,4/16/2025,BIG D #18,Gas,Sale,-6.79,
4/15/2025,4/16/2025,Spectrum,Bills & Utilities,Sale,-59.99,
4/14/2025,4/16/2025,REI #231 JACKSON,Shopping,Sale,-57.72,
4/15/2025,4/16/2025,MAVERIK #162,Gas,Sale,-39.98,
4/15/2025,4/16/2025,MAVERIK #162,Gas,Sale,-17.89,
4/14/2025,4/15/2025,CONOCO - BULLS SERVICE,Gas,Sale,-39.23,
4/14/2025,4/15/2025,TETON MOUNTAINEERING,Shopping,Sale,-16.05,
4/14/2025,4/15/2025,SQ *THE PERCH COFFEE HOUS,Food & Drink,Sale,-4.15,
4/14/2025,4/15/2025,SQ *D.O.G.,Food & Drink,Sale,-15.16,
4/12/2025,4/13/2025,WAL-MART #3872,Groceries,Sale,-14.51,
4/11/2025,4/13/2025,TST*THE GNOME,Food & Drink,Sale,-44.78,
4/11/2025,4/13/2025,HY-VEE F&amp;F OAKDALE 5462,Gas,Sale,-46.65,
4/12/2025,4/13/2025,EXXON CC 111,Gas,Sale,-48.54,
4/12/2025,4/13/2025,BP#6608889COFFEE CUP FUE,Gas,Sale,-37.64,
4/12/2025,4/13/2025,BP#6608889COFFEE CUP FUE,Gas,Sale,-34.13,
4/11/2025,4/13/2025,HY-VEE F&amp;F OAKDALE 5462,Gas,Sale,-22.96,
4/11/2025,4/13/2025,GEICO  *AUTO,Bills & Utilities,Sale,-72.79,
4/11/2025,4/13/2025,CUB FOODS - OAKDALE,Groceries,Sale,-112.04,
4/10/2025,4/11/2025,CASH WISE LIQUOR,Food & Drink,Sale,-29.64,
4/10/2025,4/11/2025,CHEWY.COM,Pets,Sale,-20.84,
4/8/2025,4/10/2025,TST*THE KENWOOD,Food & Drink,Sale,-91.33,
4/10/2025,4/10/2025,CHEWY.COM,Pets,Sale,-28.87,
4/9/2025,4/10/2025,HY-VEE F&amp;F OAKDALE 5462,Gas,Sale,-11.98,
4/8/2025,4/9/2025,O'REILLY 3256,Automotive,Sale,-9.24,
4/8/2025,4/9/2025,VIOC 010118,Automotive,Sale,-90.97,
4/7/2025,4/8/2025,APPLE.COM/BILL,Shopping,Sale,-10.54,
4/7/2025,4/8/2025,MARATHON PETRO46185,Gas,Sale,-31.8,
4/7/2025,4/8/2025,ROVER.COM* PET SVCS.,Pets,Sale,-151.05,
4/7/2025,4/8/2025,ROVER.COM* PET SVCS.,Pets,Sale,-71.93,
4/6/2025,4/8/2025,KWIK TRIP #763,Gas,Sale,-45.17,
4/6/2025,4/8/2025,REI #48 MADISON,Shopping,Sale,-9.38,
4/6/2025,4/7/2025,PROPERTYREC.COM,Shopping,Sale,-20,
4/6/2025,4/7/2025,MARATHON PETRO46185,Gas,Sale,-11.8,
4/7/2025,4/7/2025,GOOGLE *Dialogue AI Ch,Entertainment,Sale,-65.31,
4/6/2025,4/7/2025,MCDONALD'S F16594,Food & Drink,Sale,-8.75,
4/5/2025,4/6/2025,FSP*BAD WEATHER BREWING C,Food & Drink,Sale,-60.53,
4/5/2025,4/6/2025,CENTRO,Food & Drink,Sale,-16.56,
4/4/2025,4/6/2025,WASHINGTON COUNTY PARKS,Bills & Utilities,Sale,-30,
4/5/2025,4/6/2025,CENTRO,Food & Drink,Sale,-16.88,
4/3/2025,4/4/2025,TARGET FIELD CONCESSIO,Food & Drink,Sale,-41.2,
4/3/2025,4/4/2025,ParkWhiz  Inc.,Travel,Sale,-16.66,
4/3/2025,4/4/2025,TARGET FIELD CONCESSIO,Food & Drink,Sale,-17.17,
4/2/2025,4/3/2025,HY-VEE F&amp;F OAKDALE 5462,Gas,Sale,-43.1,
4/2/2025,4/3/2025,CHEWY.COM,Pets,Sale,-73.94,
4/2/2025,4/3/2025,SPOT,Shopping,Sale,-86.94,
4/2/2025,4/3/2025,HY-VEE OAKDALE 1462,Groceries,Sale,-117.13,
4/2/2025,4/3/2025,MADISON GAS &amp; ELECTRIC CO,Bills & Utilities,Sale,-27.88,
4/3/2025,4/3/2025,PUBLIC STORAGE 25562,Bills & Utilities,Sale,-4.27,
4/2/2025,4/3/2025,HY-VEE OAKDALE 1462,Groceries,Sale,-42.3,
4/2/2025,4/3/2025,ALLIANT ENERGY - WPL,Bills & Utilities,Sale,-37.74,
4/2/2025,4/3/2025,HY-VEE F&amp;F OAKDALE 5462,Gas,Sale,-11.98,
3/31/2025,4/1/2025,MARATHON PETRO46185,Gas,Sale,-20.04,
3/31/2025,4/1/2025,MARATHON PETRO46185,Gas,Sale,-10.31,
3/29/2025,3/31/2025,SUGAR RIVER PIZZA  CO VER,Food & Drink,Sale,-141.7,
3/29/2025,3/31/2025,KWIK TRIP #796,Gas,Sale,-75.66,
3/29/2025,3/31/2025,U-HAUL CENTRAL CITY,Automotive,Sale,-411.45,
3/30/2025,3/31/2025,NYTIMES DISC*,Bills & Utilities,Sale,-4.02,
3/28/2025,3/30/2025,TST*NORTH AND SOUTH SEAF,Food & Drink,Sale,-17.76,
3/29/2025,3/30/2025,MCDONALD'S F7285,Food & Drink,Sale,-9.05,
3/27/2025,3/28/2025,UW TS PARKING RAMP EMV,Travel,Sale,-6,
3/26/2025,3/28/2025,MENARDS MADISON WEST WI,Shopping,Sale,-21.28,
3/27/2025,3/28/2025,SQ *RUTH ELLEN SAUL  LLC,Health & Wellness,Sale,-15,
3/26/2025,3/27/2025,SQ *MUSKELLOUNGE AND SPOR,Food & Drink,Sale,-31,
3/26/2025,3/27/2025,USPS CHANGE OF ADDRESS,Shopping,Sale,-1.1,
3/26/2025,3/27/2025,EXXON WATTS MART,Gas,Sale,-14.89,
3/26/2025,3/27/2025,EXXON WATTS MART,Gas,Sale,-46.48,
3/25/2025,3/26/2025,STEVE'S WINE BEER SPIRIT,Groceries,Sale,-26.36,
3/24/2025,3/26/2025,PARK TOWNE LANES,Food & Drink,Sale,-53.78,
3/24/2025,3/26/2025,KWIK TRIP #953,Gas,Sale,-25.9,
3/24/2025,3/25/2025,Hubbard Avenue Diner,Food & Drink,Sale,-22.44,
3/24/2025,3/25/2025,SQ *SALON 31,Health & Wellness,Sale,-39,
3/23/2025,3/24/2025,PICK N SAVE #179,Groceries,Sale,-28.09,
3/22/2025,3/23/2025,SQ *WISCONSIN BREWING COM,Food & Drink,Sale,-34.5,
3/21/2025,3/23/2025,PICK N SAVE #179,Groceries,Sale,-60.56,
3/21/2025,3/23/2025,ACUTIS DIAGNOSTICS,Health & Wellness,Sale,-255.38,
3/21/2025,3/23/2025,MENARDS MADISON WEST WI,Shopping,Sale,-12.44,
3/21/2025,3/23/2025,EXXON WATTS MART,Gas,Sale,-20.3,
3/21/2025,3/23/2025,PICK N SAVE #179,Groceries,Sale,-18.77,
3/21/2025,3/21/2025,PUBLIC STORAGE 25562,Bills & Utilities,Sale,-99.66,
3/19/2025,3/20/2025,TST*NORTH AND SOUTH SEAF,Food & Drink,Sale,-58,
3/19/2025,3/20/2025,SP GLERUPS INC,Shopping,Sale,-135,
3/19/2025,3/20/2025,EVERAI,Shopping,Sale,-12.99,
3/19/2025,3/19/2025,SalomonArmadaAtomicUSA,Shopping,Sale,-43.55,
3/17/2025,3/19/2025,CHANG JIANG,Food & Drink,Sale,-32.38,
3/18/2025,3/19/2025,EXXON WATTS MART,Gas,Sale,-20.3,
3/15/2025,3/17/2025,CENEX- CONSUMERS COOP OI,Gas,Sale,-25.86,
3/16/2025,3/17/2025,SQ *ZUZU CAFE,Food & Drink,Sale,-3.9,
3/15/2025,3/17/2025,CENEX- CONSUMERS COOP OI,Gas,Sale,-28.83,
3/15/2025,3/17/2025,TST*NORTH AND SOUTH SEAF,Food & Drink,Sale,-78.45,
3/16/2025,3/17/2025,STEAMGAMES.COM 4259522985,Entertainment,Sale,-15.81,
3/15/2025,3/16/2025,Spectrum,Bills & Utilities,Sale,-59.99,
3/14/2025,3/16/2025,SQ *RUTH ELLEN SAUL  LLC,Health & Wellness,Sale,-15,
3/15/2025,3/16/2025,HLU*HULUPLUS,Bills & Utilities,Sale,-21.09,
3/14/2025,3/16/2025,CHRISTYS LANDING,Food & Drink,Sale,-61.15,
3/15/2025,3/16/2025,SQ *WISCONSIN BREWING COM,Food & Drink,Sale,-20.4,
3/14/2025,3/16/2025,UW TS PARKING RAMP EMV,Travel,Sale,-6,
3/13/2025,3/14/2025,UW TS PARKING RAMP EMV,Travel,Sale,-5,
3/13/2025,3/14/2025,PICK N SAVE #179,Groceries,Sale,-18.77,
3/13/2025,3/14/2025,PICK N SAVE #179,Groceries,Sale,-54.85,
3/12/2025,3/13/2025,DOMINO'S 2108,Food & Drink,Sale,-14.5,
3/12/2025,3/13/2025,EXXON WATTS MART,Gas,Sale,-20.3,
3/11/2025,3/13/2025,MENARDS MADISON WEST WI,Shopping,Sale,-33.97,
3/10/2025,3/12/2025,STARBUCKS STORE 71703,Food & Drink,Sale,-4.11,
3/10/2025,3/11/2025,NAME-CHEAP.COM* EMPEPQ,Bills & Utilities,Sale,-17.16,
3/10/2025,3/11/2025,GEICO  *AUTO,Bills & Utilities,Sale,-65.94,
3/9/2025,3/10/2025,PICK N SAVE #179,Groceries,Sale,-48.29,
3/9/2025,3/10/2025,EXXON WATTS MART,Gas,Sale,-20.3,
3/9/2025,3/10/2025,METROPOLIS PARKING,Travel,Sale,-11.99,
3/9/2025,3/10/2025,EXXON WATTS MART,Gas,Sale,-9,
3/9/2025,3/10/2025,EXXON 7-ELEVEN 34712,Gas,Sale,-40.94,
3/6/2025,3/9/2025,PROPERTYREC.COM,Shopping,Sale,-20,
3/8/2025,3/9/2025,MARIANOS #507,Groceries,Sale,-19.97,
3/7/2025,3/9/2025,STEVE'S WINE BEER SPIRIT,Groceries,Sale,-78.03,
3/6/2025,3/7/2025,UW TS PARKING RAMP EMV,Travel,Sale,-8,
3/5/2025,3/7/2025,CHANG JIANG,Food & Drink,Sale,-32.39,
3/6/2025,3/7/2025,CHEWY.COM,Pets,Sale,-55.28,
3/5/2025,3/6/2025,EXXON WATTS MART,Gas,Sale,-38.5,
3/5/2025,3/6/2025,ALLIANT ENERGY - WPL,Bills & Utilities,Sale,-40.96,
3/5/2025,3/6/2025,MADISON GAS &amp; ELECTRIC CO,Bills & Utilities,Sale,-36.31,
3/5/2025,3/6/2025,EXXON WATTS MART,Gas,Sale,-20.3,
3/4/2025,3/5/2025,2025 MEDTRONIC TWIN CI,Entertainment,Sale,-184.21,
3/5/2025,3/5/2025,CHEWY.COM,Pets,Sale,-19.24,
3/2/2025,3/4/2025,HIGH NOON SALOON,Food & Drink,Sale,-19.76,
3/2/2025,3/4/2025,HIGH NOON SALOON,Food & Drink,Sale,-19.76,
3/3/2025,3/4/2025,TST* BRASS RING BAR &amp; RES,Food & Drink,Sale,-131.64,
3/2/2025,3/3/2025,NYTIMES DISC*,Bills & Utilities,Sale,-4.02,
3/1/2025,3/3/2025,DOMINO'S 2108,Food & Drink,Sale,-20.82,
2/28/2025,3/2/2025,EXXON WATTS MART,Gas,Sale,-10.68,
3/1/2025,3/2/2025,EXXON WATTS MART,Gas,Sale,-20.3,
3/1/2025,3/2/2025,NATT SPIL,Food & Drink,Sale,-75.14,
2/27/2025,2/28/2025,AMAZON MKTPL*RO3GC1IA3,Shopping,Sale,-38.57,
2/27/2025,2/28/2025,PICK N SAVE #179,Groceries,Sale,-39.59,
2/26/2025,2/27/2025,UW TS PARKING RAMP EMV,Travel,Sale,-7,
2/25/2025,2/26/2025,EXXON WATTS MART,Gas,Sale,-20.3,
2/25/2025,2/26/2025,SQ *RUTH ELLEN SAUL  LLC,Health & Wellness,Sale,-45,
2/22/2025,2/23/2025,EVERAI,Shopping,Sale,-9.99,
2/22/2025,2/23/2025,SQ *WISCONSIN BREWING COM,Food & Drink,Sale,-64.8,
2/21/2025,2/23/2025,PARKING UTILITY SMART MET,Travel,Sale,-0.55,
2/21/2025,2/23/2025,EXXON WATTS MART,Gas,Sale,-20.3,
2/22/2025,2/23/2025,TST* GARTH'S BREW BAR,Food & Drink,Sale,-32.73,
2/20/2025,2/21/2025,WL *STEAM PURCHASE,Entertainment,Sale,-23.72,
2/20/2025,2/21/2025,PICK N SAVE #179,Groceries,Sale,-43.13,
2/20/2025,2/21/2025,PARKING UTILITY SMART MET,Travel,Sale,-4,
2/19/2025,2/20/2025,NJ EZPASS,Travel,Sale,-25,
2/19/2025,2/20/2025,NJ EZPASS,Travel,Sale,-25,
2/19/2025,2/20/2025,EVERAI,Shopping,Sale,-12.99,
2/17/2025,2/19/2025,STARBUCKS 15622 3900708,Food & Drink,Sale,-3.95,
2/17/2025,2/19/2025,REFUEL PANTRY - MOHAWK,Gas,Sale,-14.97,
2/17/2025,2/19/2025,SUNOCO 0733186100,Gas,Sale,-44,
2/18/2025,2/19/2025,NJ EZPASS,Travel,Sale,-25,
2/18/2025,2/19/2025,NJ EZPASS,Travel,Sale,-25,
2/17/2025,2/19/2025,DAVES HOT CHICKEN 1134,Food & Drink,Sale,-21.68,
2/17/2025,2/19/2025,EXXON WATTS MART,Gas,Sale,-20.3,
2/18/2025,2/19/2025,INTUIT *TURBOTAX,Shopping,Sale,-88,
2/17/2025,2/19/2025,EXXON WATTS MART,Gas,Sale,-37.8,
2/17/2025,2/18/2025,EXXON 7-ELEVEN 34712,Gas,Sale,-44.56,
2/17/2025,2/18/2025,PICK N SAVE #179,Groceries,Sale,-43.85,
2/17/2025,2/18/2025,UBER   *TRIP,Travel,Sale,-26.81,
2/16/2025,2/18/2025,SUNOCO 0501837900,Gas,Sale,-53.29,
2/16/2025,2/18/2025,SUNOCO 0501837900,Gas,Sale,-4.29,
2/15/2025,2/17/2025,DAVES HOT CHICKEN 1279,Food & Drink,Sale,-44.99,
2/15/2025,2/17/2025,JOE CANAL'S,Food & Drink,Sale,-31.97,
2/16/2025,2/17/2025,SUNOCO 8000011302,Gas,Sale,-45.15,
2/16/2025,2/17/2025,SUNOCO 8000011302,Gas,Sale,-12.72,
2/15/2025,2/16/2025,Spectrum,Bills & Utilities,Sale,-59.99,
2/14/2025,2/16/2025,TST*CHESTNUT HILL BREWIN,Food & Drink,Sale,-21.5,
2/14/2025,2/16/2025,SUNOCO 8000011302,Gas,Sale,-12.72,
2/14/2025,2/16/2025,STARBUCKS STORE 71903,Food & Drink,Sale,-6.81,
2/15/2025,2/16/2025,HLU*HULUPLUS,Bills & Utilities,Sale,-21.09,
2/13/2025,2/14/2025,TST* BITCHIN' KITTEN BREW,Food & Drink,Sale,-34.25,
2/12/2025,2/13/2025,SHOPRITE LAWRNCVLLE S1,Groceries,Sale,-23.18,
2/12/2025,2/13/2025,SQ *BROCK &amp; COMPANY  INC.,Food & Drink,Sale,-4,
2/10/2025,2/11/2025,SUNOCO 8000011302,Gas,Sale,-25.23,
2/10/2025,2/11/2025,INFOCUS URGENT CARE OF WE,Health & Wellness,Sale,-28,
2/10/2025,2/11/2025,GEICO  *AUTO,Bills & Utilities,Sale,-65.94,
2/10/2025,2/11/2025,CVS/PHARMACY #00817,Health & Wellness,Sale,-55.96,
2/9/2025,2/10/2025,TARGET        00011510,Shopping,Sale,-46.07,
2/9/2025,2/10/2025,NJ EZPASS,Travel,Sale,-25,
2/9/2025,2/10/2025,SUNOCO 8000011302,Gas,Sale,-38.04,
2/8/2025,2/9/2025,CVS/PHARMACY #00817,Health & Wellness,Sale,-37.28,
2/8/2025,2/9/2025,NJ EZPASS,Travel,Sale,-25,
2/7/2025,2/9/2025,SQ *BROCK &amp; COMPANY  INC.,Food & Drink,Sale,-4,
2/6/2025,2/9/2025,PROPERTYREC.COM,Shopping,Sale,-20,
2/7/2025,2/9/2025,NJ EZPASS,Travel,Sale,-25,
2/6/2025,2/7/2025,CVS/PHARMACY #00817,Health & Wellness,Sale,-18.77,
2/6/2025,2/7/2025,INFOCUS URGENT CARE OF WE,Health & Wellness,Sale,-31,
2/6/2025,2/7/2025,SUNOCO 8000011302,Gas,Sale,-25.23,
2/6/2025,2/7/2025,MCDONALD'S F28524,Food & Drink,Sale,-11.93,
2/5/2025,2/6/2025,CHEWY.COM,Pets,Sale,-24.47,
2/4/2025,2/5/2025,NJ EZPASS,Travel,Sale,-25,
2/3/2025,2/5/2025,STARBUCKS 75857 4201008,Food & Drink,Sale,-3.92,
2/3/2025,2/5/2025,SUNOCO 0816609200,Gas,Sale,-44.5,
2/3/2025,2/4/2025,CHIPOTLE 3400,Food & Drink,Sale,-11.57,
2/2/2025,2/4/2025,SUNOCO 0309194900,Gas,Sale,-25.31,
2/3/2025,2/4/2025,MADISON GAS &amp; ELECTRIC CO,Bills & Utilities,Sale,-35.04,
2/2/2025,2/4/2025,BURGER KING #18122,Food & Drink,Sale,-12.6,
2/3/2025,2/4/2025,SHOPRITE LAWRNCVLLE S1,Groceries,Sale,-25.41,
2/3/2025,2/4/2025,ALLIANT ENERGY - WPL,Bills & Utilities,Sale,-38.43,
2/2/2025,2/4/2025,SUNOCO 0672922200,Gas,Sale,-41.19,
2/2/2025,2/4/2025,SUNOCO 0309194900,Gas,Sale,-34.34,
2/1/2025,2/3/2025,KWIK TRIP #410,Gas,Sale,-37.93,
2/2/2025,2/3/2025,NYTIMES DISC*,Bills & Utilities,Sale,-4.02,
2/2/2025,2/3/2025,UBER   *TRIP,Travel,Sale,-24.91,
1/31/2025,2/2/2025,TARGET        00010603,Shopping,Sale,-105.49,
1/31/2025,2/2/2025,KWIK TRIP #1038,Gas,Sale,-17.1,
1/30/2025,1/31/2025,TST* HOP HAUS BREWING COM,Food & Drink,Sale,-43.97,
1/30/2025,1/31/2025,UW TS PARKING RAMP EMV,Travel,Sale,-4,
1/28/2025,1/30/2025,CASEYS #3586,Gas,Sale,-20.58,
1/28/2025,1/30/2025,CASEYS #3586,Gas,Sale,-31.4,
1/28/2025,1/29/2025,PICK N SAVE #179,Groceries,Sale,-12.07,
1/27/2025,1/29/2025,PROPERTYREC.COM,Shopping,Sale,-1,
1/26/2025,1/29/2025,CHANG JIANG,Food & Drink,Sale,-27.08,
1/26/2025,1/29/2025,STARBUCKS STORE 68681,Food & Drink,Sale,-19.3,
1/24/2025,1/28/2025,CITY VIEW LIQUOR,Food & Drink,Sale,-21.09,
1/25/2025,1/28/2025,TST* MONK'S MIDDLETON,Food & Drink,Sale,-53.02,
1/24/2025,1/26/2025,PICK N SAVE #179,Groceries,Sale,-23.19,
1/24/2025,1/26/2025,EXXON WATTS MART,Gas,Sale,-20.3,
1/22/2025,1/23/2025,WL *STEAM PURCHASE,Entertainment,Sale,-15.81,
1/21/2025,1/22/2025,DOMINO'S 2108,Food & Drink,Sale,-19.76,
1/20/2025,1/22/2025,EXXON WATTS MART,Gas,Sale,-20.3,
1/20/2025,1/21/2025,TST*CREMA CAFE - MADISON,Food & Drink,Sale,-4.96,
1/19/2025,1/20/2025,SAKE ALL YOU CAN EAT,Food & Drink,Sale,-38.59,
1/19/2025,1/20/2025,TARGET        00010603,Shopping,Sale,-8.76,
1/17/2025,1/19/2025,PICK N SAVE #179,Groceries,Sale,-10.44,
1/17/2025,1/19/2025,ULTRASIGNUP,Running,Sale,-348.75,
1/16/2025,1/17/2025,EXXON WATTS MART,Gas,Sale,-22.61,
1/16/2025,1/17/2025,UW TS PARKING RAMP EMV,Travel,Sale,-4,
1/15/2025,1/16/2025,HLU*HULUPLUS,Bills & Utilities,Sale,-21.09,
1/15/2025,1/16/2025,PICK N SAVE #179,Groceries,Sale,-71.98,
1/15/2025,1/16/2025,Spectrum,Bills & Utilities,Sale,-56.99,
1/12/2025,1/13/2025,EXXON WATTS MART,Gas,Sale,-20.3,
1/12/2025,1/13/2025,PICK N SAVE #179,Groceries,Sale,-33.42,
1/12/2025,1/13/2025,EXXON WATTS MART,Gas,Sale,-33.36,
1/11/2025,1/12/2025,SQ *HOT LUNCH,Food & Drink,Sale,-48.09,
1/11/2025,1/12/2025,CHEWY.COM,Pets,Sale,-59.28,
1/10/2025,1/12/2025,TST* HOP HAUS BREWING COM,Food & Drink,Sale,-54.28,
1/10/2025,1/12/2025,GEICO  *AUTO,Bills & Utilities,Sale,-65.94,
1/11/2025,1/12/2025,SQ *THE ROBIN ROOM,Food & Drink,Sale,-81,
1/10/2025,1/12/2025,MENARDS MADISON WEST WI,Shopping,Sale,-24.19,
1/9/2025,1/10/2025,EXXON WATTS MART,Gas,Sale,-20.3,
1/9/2025,1/10/2025,TRAININGPEAKS  LLC,Shopping,Sale,-124.99,
1/8/2025,1/9/2025,CHEWY.COM,Pets,Sale,-84.39,
1/6/2025,1/8/2025,PARKSIDE PUB LTD,Food & Drink,Sale,-25,
1/6/2025,1/7/2025,SQ *SALON 31,Health & Wellness,Sale,-33.75,
1/6/2025,1/7/2025,PICK N SAVE #179,Groceries,Sale,-71.68,
1/5/2025,1/7/2025,EXXON WATTS MART,Gas,Sale,-20.3,
1/5/2025,1/6/2025,NYTIMES DISC*,Bills & Utilities,Sale,-4.02,
1/3/2025,1/5/2025,SQ *CATERING AT OVERTURE,Food & Drink,Sale,-21.25,
1/4/2025,1/5/2025,PICK N SAVE #179,Groceries,Sale,-34.22,
1/4/2025,1/5/2025,EXXON WATTS MART,Gas,Sale,-10.68,
1/3/2025,1/5/2025,SQ *CATERING AT OVERTURE,Food & Drink,Sale,-9,
1/3/2025,1/5/2025,SQ *CATERING AT OVERTURE,Food & Drink,Sale,-27.6,
1/3/2025,1/5/2025,THE VILLAGE GREEN,Food & Drink,Sale,-13.4,
1/2/2025,1/3/2025,AMAZON MKTPL*ZE3Y72I41,Shopping,Sale,-47.63,
1/2/2025,1/3/2025,PICK N SAVE #179,Groceries,Sale,-44.38,
1/2/2025,1/3/2025,EXXON WATTS MART,Gas,Sale,-37.89,
1/2/2025,1/3/2025,MADISON GAS &amp; ELECTRIC CO,Bills & Utilities,Sale,-23.28,
1/2/2025,1/3/2025,ALLIANT ENERGY - WPL,Bills & Utilities,Sale,-41.98,
12/31/2024,1/2/2025,KWIK TRIP #410,Gas,Sale,-12.91,
12/31/2024,1/2/2025,KWIK TRIP #410,Gas,Sale,-42.3,
12/31/2024,1/1/2025,TST* KEYS CAFE - STILLWAT,Food & Drink,Sale,-29.23,
12/29/2024,12/31/2024,STARBUCKS STORE 66057,Food & Drink,Sale,-10.49,
12/30/2024,12/31/2024,TST* A&amp;W FRANCHISEE - STE,Food & Drink,Sale,-14.88,
12/29/2024,12/30/2024,RUBY THAI MALL OF AMERIC,Food & Drink,Sale,-36.36,
12/29/2024,12/30/2024,RUBY THAI MALL OF AMERIC,Food & Drink,Sale,-29.49,
12/29/2024,12/30/2024,LUCKYS - ROSEVILLE,Food & Drink,Sale,-44.57,
12/29/2024,12/30/2024,CASH WISE LIQUOR,Food & Drink,Sale,-23.06,
12/29/2024,12/30/2024,LEGO MALL OF AMERICA,Shopping,Sale,-441.52,
12/29/2024,12/30/2024,LUCKYS - ROSEVILLE,Food & Drink,Sale,-11.72,
12/28/2024,12/30/2024,MENARDS WEST ST PAUL MN,Shopping,Sale,-11.99,
12/29/2024,12/30/2024,SQ *NORTHWOODS CANDY EMPO,Groceries,Sale,-5.72,
12/28/2024,12/29/2024,BATTERIES PLUS - #0030,Shopping,Sale,-6.51,
12/26/2024,12/27/2024,HY-VEE F&amp;F OAKDALE 5462,Gas,Sale,-44.67,
12/24/2024,12/26/2024,St. Joseph School,Gifts & Donations,Sale,-150,
12/24/2024,12/25/2024,CUB FOODS - OAKDALE,Groceries,Sale,-25.97,
12/22/2024,12/24/2024,SHELL OIL 57444110902,Gas,Sale,-31.25,
12/22/2024,12/24/2024,SHELL OIL 57444110902,Gas,Sale,-9.82,
12/22/2024,12/24/2024,STARBUCKS STORE 02511,Food & Drink,Sale,-10.18,
12/22/2024,12/23/2024,EINSTEIN BAGELS 1382,Food & Drink,Sale,-11.69,
12/22/2024,12/23/2024,HERTZ CAR RENTAL,Travel,Sale,-443.07,
12/21/2024,12/23/2024,SUNOCO 0327962700,Gas,Sale,-12,
12/21/2024,12/23/2024,PY *BURGER FI,Food & Drink,Sale,-35.65,
12/22/2024,12/23/2024,HY-VEE OAKDALE 1462,Groceries,Sale,-21.96,
12/21/2024,12/23/2024,STARBUCKS STORE 07309,Food & Drink,Sale,-6.81,
12/22/2024,12/23/2024,HY-VEE OAKDALE 1462,Groceries,Sale,-36.73,
12/21/2024,12/23/2024,OLD TOWN PUB,Food & Drink,Sale,-49.5,
12/21/2024,12/22/2024,PRINCETON NJ PARKING,Travel,Sale,-1,
12/19/2024,12/22/2024,ALCHEMIST &amp; BARRISTER RES,Food & Drink,Sale,-19.48,
12/21/2024,12/22/2024,FSP*FLEET FEET PRINCETON,Health & Wellness,Sale,-98,
12/21/2024,12/22/2024,SUNOCO 8000011302,Gas,Sale,-25.32,
12/21/2024,12/22/2024,SHOPRITE NEPTUNE S1,Groceries,Sale,-5.32,
12/22/2024,12/22/2024,UBER   *TRIP,Travel,Sale,-46.55,
12/20/2024,12/22/2024,ON THE BORDER PRINCETO,Food & Drink,Sale,-208.28,
12/20/2024,12/22/2024,MCDONALD'S F28524,Food & Drink,Sale,-11.93,
12/19/2024,12/20/2024,SQ *BROCK &amp; COMPANY  INC.,Food & Drink,Sale,-12,
12/18/2024,12/20/2024,JOE CANAL'S,Food & Drink,Sale,-35.68,
12/19/2024,12/20/2024,NJ EZPASS,Travel,Sale,-25,
12/16/2024,12/18/2024,JOE CANAL'S,Food & Drink,Sale,-69.77,
12/16/2024,12/17/2024,SHOPRITE LAWRNCVLLE S1,Groceries,Sale,-32.66,
12/16/2024,12/17/2024,UBER   *TRIP,Travel,Sale,-51.96,
12/16/2024,12/17/2024,UBER   *TRIP,Travel,Sale,-13,
12/16/2024,12/17/2024,ROOTS,Food & Drink,Sale,-36.25,
12/16/2024,12/17/2024,MCDONALD'S F28524,Food & Drink,Sale,-14.91,
12/16/2024,12/16/2024,CHEWY.COM,Pets,Sale,-21.99,
12/15/2024,12/16/2024,TARGET        00010603,Shopping,Sale,-11.02,
12/15/2024,12/16/2024,Spectrum,Bills & Utilities,Sale,-56.99,
12/14/2024,12/15/2024,SPEEDWAY 04523,Gas,Sale,-12.93,
12/14/2024,12/15/2024,SPEEDWAY 04523,Gas,Sale,-39.68,
12/13/2024,12/15/2024,KWIK TRIP #1038,Gas,Sale,-35.06,
12/12/2024,12/13/2024,CHEWY.COM,Pets,Sale,-152.42,
12/10/2024,12/11/2024,AMAZON MKTPL*ZR7PB6IQ0,Shopping,Sale,-54.43,
12/10/2024,12/11/2024,NYTIMES DISC*,Bills & Utilities,Sale,-1.25,
12/10/2024,12/11/2024,HYTTOSUS,Shopping,Sale,-32,
12/10/2024,12/11/2024,CHEWY.COM,Pets,Sale,-253.82,
12/10/2024,12/11/2024,GEICO  *AUTO,Bills & Utilities,Sale,-65.94,
12/9/2024,12/10/2024,METRO MARKET #434,Groceries,Sale,-13.95,
12/8/2024,12/9/2024,SQ *AZTEC TAQUERIA,Food & Drink,Sale,-42.73,
12/8/2024,12/9/2024,TARGET        00010603,Shopping,Sale,-61.15,
12/6/2024,12/8/2024,PICK N SAVE #179,Groceries,Sale,-91.99,
12/7/2024,12/8/2024,WALMART.COM,Shopping,Sale,-104.53,
12/6/2024,12/8/2024,EXXON WATTS MART,Gas,Sale,-20.09,
12/5/2024,12/6/2024,SQ *THE ROBIN ROOM,Food & Drink,Sale,-38,
12/5/2024,12/6/2024,SQ *HOT LUNCH,Food & Drink,Sale,-20.94,
12/5/2024,12/6/2024,AWX*teachersgram.com,Shopping,Sale,-42.38,
12/5/2024,12/5/2024,Green Lantern Restaurant,Food & Drink,Sale,-54.86,
12/4/2024,12/5/2024,COLDAVENGER,Shopping,Sale,-65.52,
12/4/2024,12/5/2024,SP SYLVAN DESIGN CO,Shopping,Sale,-63,
12/2/2024,12/3/2024,PICK N SAVE #179,Groceries,Sale,-18.98,
12/2/2024,12/3/2024,PICK N SAVE #179,Groceries,Sale,-16.3,
12/2/2024,12/3/2024,ALLIANT ENERGY - WPL,Bills & Utilities,Sale,-70.92,
12/2/2024,12/3/2024,EXXON WATTS MART,Gas,Sale,-20.09,
12/2/2024,12/3/2024,EXXON WATTS MART,Gas,Sale,-33.22,
12/2/2024,12/3/2024,MADISON GAS &amp; ELECTRIC CO,Bills & Utilities,Sale,-20.31,
12/2/2024,12/3/2024,STEAMGAMES.COM 4259522985,Entertainment,Sale,-21.99,
11/30/2024,12/2/2024,KWIK TRIP #410,Gas,Sale,-10.92,
11/29/2024,12/2/2024,THE STRAY DOG,Food & Drink,Sale,-6.96,
11/30/2024,12/2/2024,KWIK TRIP #410,Gas,Sale,-39.15,
11/29/2024,12/2/2024,THE STRAY DOG,Food & Drink,Sale,-8.96,
11/29/2024,12/2/2024,THE STRAY DOG,Food & Drink,Sale,-8.96,
12/1/2024,12/2/2024,PICK N SAVE #179,Groceries,Sale,-71.99,
11/28/2024,12/1/2024,SMM AUTO PARKING RAMP,Travel,Sale,-5,
11/29/2024,12/1/2024,MPLS,Travel,Sale,-0.25,
11/28/2024,11/29/2024,WL *Steam Purchase,Entertainment,Sale,-16.87,
11/27/2024,11/29/2024,THE HOME DEPOT #2810,Shopping,Sale,-6.16,
11/27/2024,11/29/2024,KWIK TRIP #1205,Gas,Sale,-27.18,
11/27/2024,11/28/2024,MCDONALD'S F2976,Food & Drink,Sale,-9.6,
11/27/2024,11/28/2024,KICKSTARTER.COM,Shopping,Sale,-16.02,
11/25/2024,11/26/2024,EXXON WATTS MART,Gas,Sale,-10.57,
11/25/2024,11/26/2024,EXXON WATTS MART,Gas,Sale,-14.66,
11/25/2024,11/26/2024,SQ *RUTH ELLEN SAUL  LLC,Health & Wellness,Sale,-15,
11/24/2024,11/25/2024,PICK N SAVE #179,Groceries,Sale,-107.29,
11/23/2024,11/25/2024,TST*EAGLE PARK BREWING C,Food & Drink,Sale,-19.51,
11/24/2024,11/25/2024,TST*EAGLE PARK BREWING C,Food & Drink,Sale,-19.58,
11/23/2024,11/24/2024,EXXON WATTS MART,Gas,Sale,-10.57,
11/22/2024,11/24/2024,SQ *SLEEPING FAWN RESORT,Entertainment,Sale,-206.12,
11/21/2024,11/22/2024,EXXON WATTS MART,Gas,Sale,-10.57,
11/21/2024,11/21/2024,NYTIMES DISC*,Bills & Utilities,Sale,-7.04,
11/19/2024,11/21/2024,KWIK TRIP #323,Gas,Sale,-10.92,
11/18/2024,11/19/2024,EXXON WATTS MART,Gas,Sale,-5.79,
11/18/2024,11/19/2024,PICK N SAVE #179,Groceries,Sale,-30.14,
11/18/2024,11/19/2024,EXXON WATTS MART,Gas,Sale,-10.57,
11/16/2024,11/18/2024,KWIK TRIP #323,Gas,Sale,-10.92,
11/16/2024,11/18/2024,TST*FREEHOUSE PUB,Food & Drink,Sale,-29.55,
11/16/2024,11/18/2024,Capital Brewery Events,Food & Drink,Sale,-16.8,
11/15/2024,11/17/2024,PICK N SAVE #179,Groceries,Sale,-18.98,
11/15/2024,11/17/2024,PICK N SAVE #179,Groceries,Sale,-47.1,
11/15/2024,11/17/2024,STONE PORCH ALEHOUSE,Food & Drink,Sale,-88.2,
11/15/2024,11/17/2024,Spectrum,Bills & Utilities,Sale,-56.99,
11/16/2024,11/17/2024,DISNEY MAX BUNDLE,Entertainment,Sale,-27.59,
11/15/2024,11/17/2024,EXXON WATTS MART,Gas,Sale,-28.14,
11/15/2024,11/15/2024,REI.COM  800-426-4840,Shopping,Sale,-58.66,
11/13/2024,11/14/2024,REVIBE GEAR,Shopping,Sale,-98.95,
11/12/2024,11/13/2024,EXXON WATTS MART,Gas,Sale,-20.09,
11/12/2024,11/13/2024,BYCE AND WORMAN FAMILY DE,Health & Wellness,Sale,-33.09,
11/12/2024,11/13/2024,AMAZON MKTPL*ON1XB7WK3,Shopping,Sale,-47.22,
11/10/2024,11/12/2024,KWIK TRIP #573,Gas,Sale,-37.74,
11/10/2024,11/11/2024,MCDONALD'S F10771,Food & Drink,Sale,-9.17,
11/10/2024,11/11/2024,GEICO  *AUTO,Bills & Utilities,Sale,-65.91,
11/8/2024,11/10/2024,TST* HOP HAUS BREWING COM,Food & Drink,Sale,-21.98,
11/9/2024,11/10/2024,EXXON WATTS MART,Gas,Sale,-13.66,
11/7/2024,11/8/2024,STEAMGAMES.COM 4259522985,Entertainment,Sale,-31.64,
11/7/2024,11/8/2024,PICK N SAVE #179,Groceries,Sale,-45.82,
11/6/2024,11/7/2024,EXXON WATTS MART,Gas,Sale,-20.09,
11/4/2024,11/6/2024,KWIK TRIP #954,Gas,Sale,-10.92,
11/4/2024,11/6/2024,KWIK TRIP #954,Gas,Sale,-31.68,
11/4/2024,11/6/2024,CHINESE TAKEOUT,Shopping,Sale,-33.55,
11/4/2024,11/5/2024,ALLIANT ENERGY - WPL,Bills & Utilities,Sale,-108.28,
11/4/2024,11/5/2024,PICK N SAVE #179,Groceries,Sale,-72.58,
11/3/2024,11/4/2024,WALGREENS #2805,Health & Wellness,Sale,-10.8,
11/2/2024,11/4/2024,TARGET        00000687,Shopping,Sale,-140.91,
11/2/2024,11/4/2024,Everly,Food & Drink,Sale,-124.97,
11/2/2024,11/4/2024,KWIK TRIP #763,Gas,Sale,-38.05,
10/31/2024,11/3/2024,CASEYS #3586,Gas,Sale,-10.49,
11/1/2024,11/3/2024,STONE PORCH ALEHOUSE,Food & Drink,Sale,-39.96,
10/31/2024,11/3/2024,VERONA WINE CELLAR,Food & Drink,Sale,-44.28,
11/2/2024,11/3/2024,MCDONALD'S F36014,Food & Drink,Sale,-10.43,
11/3/2024,11/3/2024,ACTBLUE* HARRIS.VICTOR,Gifts & Donations,Sale,-10,
10/31/2024,11/1/2024,MADISON GAS &amp; ELECTRIC CO,Bills & Utilities,Sale,-19.42,
10/30/2024,11/1/2024,DOMINO'S 2108,Food & Drink,Sale,-21.09,
10/30/2024,11/1/2024,KWIK TRIP #954,Gas,Sale,-10.92,
10/30/2024,10/31/2024,SPO*LONGTABLEBEERCAFE,Food & Drink,Sale,-22.59,
10/29/2024,10/30/2024,EXXON WATTS MART,Gas,Sale,-10.57,
10/28/2024,10/29/2024,SQ *SALON 31,Health & Wellness,Sale,-27,
10/27/2024,10/28/2024,TST* GARTH'S BREW BAR,Food & Drink,Sale,-34.58,
10/27/2024,10/28/2024,EXXON WATTS MART,Gas,Sale,-10.57,
10/27/2024,10/27/2024,ACTBLUE* HARRIS.VICTOR,Gifts & Donations,Sale,-10,
10/24/2024,10/25/2024,SQ *WORKING DRAFT BEER CO,Food & Drink,Sale,-15.46,
10/23/2024,10/24/2024,PICK N SAVE #179,Groceries,Sale,-18.98,
10/22/2024,10/24/2024,CASEYS #3586,Gas,Sale,-12.17,
10/22/2024,10/24/2024,CASEYS #3586,Gas,Sale,-30.74,
10/24/2024,10/24/2024,NYTIMES DISC*,Bills & Utilities,Sale,-7.04,
10/22/2024,10/23/2024,CHIPOTLE 0533,Food & Drink,Sale,-30.75,
10/23/2024,10/23/2024,STEAMGAMES.COM 4259522985,Entertainment,Sale,-14.64,
10/22/2024,10/23/2024,DEERGROVEVET.COM,Pets,Sale,-77,
10/22/2024,10/22/2024,DISNEY MAX BUNDLE,Entertainment,Sale,-17.92,
10/21/2024,10/22/2024,EXXON WATTS MART,Gas,Sale,-10.36,
10/20/2024,10/21/2024,PICK N SAVE #179,Groceries,Sale,-31.78,
10/20/2024,10/20/2024,ACTBLUE* HARRIS.VICTOR,Gifts & Donations,Sale,-10,
10/18/2024,10/20/2024,EXXON WATTS MART,Gas,Sale,-10.36,
10/18/2024,10/18/2024,STEAMGAMES.COM 4259522985,Entertainment,Sale,-16.87,
10/17/2024,10/18/2024,PICK N SAVE #179,Groceries,Sale,-46.51,
10/16/2024,10/18/2024,CASEYS #3586,Gas,Sale,-10.28,
10/17/2024,10/18/2024,HEIFER INTL,Gifts & Donations,Sale,-40,
10/16/2024,10/17/2024,ZEROCANCER,Gifts & Donations,Sale,-26.22,
10/15/2024,10/16/2024,Spectrum,Bills & Utilities,Sale,-56.99,
10/15/2024,10/16/2024,PICK N SAVE #179,Groceries,Sale,-54.79,
10/14/2024,10/16/2024,KWIK TRIP #954,Gas,Sale,-9.67,
10/15/2024,10/16/2024,TARGET        00010603,Shopping,Sale,-61.64,
10/15/2024,10/15/2024,CHEWY.COM,Pets,Sale,-24.47,
10/14/2024,10/15/2024,UW TS PARKING RAMP EMV,Travel,Sale,-6,
10/14/2024,10/15/2024,SQ *VALENTIA COFFEE,Food & Drink,Sale,-3.96,
10/13/2024,10/14/2024,SUSHI LOVER MADISON,Food & Drink,Sale,-74.08,
10/13/2024,10/14/2024,EXXON WATTS MART,Gas,Sale,-10.36,
10/13/2024,10/14/2024,STEAMGAMES.COM 4259522985,Entertainment,Sale,-21.09,
10/10/2024,10/13/2024,TIRES PLUS 244258,Automotive,Sale,-860.47,
10/12/2024,10/13/2024,PICK N SAVE #179,Groceries,Sale,-18.98,
10/12/2024,10/13/2024,PICK N SAVE #179,Groceries,Sale,-47.3,
10/13/2024,10/13/2024,ACTBLUE* HARRIS.VICTOR,Gifts & Donations,Sale,-10,
10/10/2024,10/11/2024,GEICO  *AUTO,Bills & Utilities,Sale,-68.13,
10/9/2024,10/11/2024,MARTA TVM     00000018,Travel,Sale,-3.5,
10/10/2024,10/11/2024,STEVE'S WINE BEER SPIRIT,Groceries,Sale,-37.96,
10/10/2024,10/11/2024,EXXON WATTS MART,Gas,Sale,-10.36,
10/8/2024,10/10/2024,ATLANTA MARGARITAVILLE,Food & Drink,Sale,-53.54,
10/9/2024,10/10/2024,MCDONALD'S F22821,Food & Drink,Sale,-5.21,
10/9/2024,10/10/2024,MCDONALD'S F22821,Food & Drink,Sale,-15.85,
10/9/2024,10/10/2024,TST* PARK BAR,Food & Drink,Sale,-29.97,
10/9/2024,10/10/2024,TEDS MONTANA GRILL 1,Food & Drink,Sale,-64.44,
10/8/2024,10/10/2024,Nativity of Our Lord,Gifts & Donations,Sale,-25,
10/8/2024,10/10/2024,Nativity of Our Lord,Gifts & Donations,Sale,-25,
10/7/2024,10/9/2024,POPEYES 3401117,Food & Drink,Sale,-14.55,
10/8/2024,10/9/2024,HERTZ CAR RENTAL,Travel,Sale,-530.74,
10/7/2024,10/9/2024,MARTA TVM     00000018,Travel,Sale,-3.5,
10/7/2024,10/9/2024,TEDS MONTANA GRILL 1,Food & Drink,Sale,-17.16,
10/7/2024,10/9/2024,SUNOCO 0368302601,Gas,Sale,-15.25,
10/8/2024,10/9/2024,TST* MEEHANS DOWNTOWN,Food & Drink,Sale,-31.13,
10/7/2024,10/9/2024,TEDS MONTANA GRILL 1,Food & Drink,Sale,-76.25,
10/8/2024,10/9/2024,TST* MEEHANS DOWNTOWN,Food & Drink,Sale,-10.71,
10/8/2024,10/9/2024,GUS'S WF FRIED CHICKEN,Food & Drink,Sale,-26.98,
10/7/2024,10/8/2024,CVS/PHARMACY #10043,Health & Wellness,Sale,-8.44,
10/6/2024,10/7/2024,SUSHI PALACE,Food & Drink,Sale,-42.13,
10/6/2024,10/7/2024,NJ EZPASS,Travel,Sale,-25,
10/6/2024,10/7/2024,EXXON DANVILLE GAS &amp; C,Gas,Sale,-13.04,
10/6/2024,10/7/2024,EXXON DANVILLE GAS &amp; C,Gas,Sale,-28.81,
10/5/2024,10/7/2024,STARBUCKS STORE 07309,Food & Drink,Sale,-7.81,
10/4/2024,10/6/2024,SQ *BROCK &amp; COMPANY  INC.,Food & Drink,Sale,-12,
10/6/2024,10/6/2024,ACTBLUE* HARRIS.VICTOR,Gifts & Donations,Sale,-10,
10/5/2024,10/6/2024,SHOPRITE LAWRNCVLLE S1,Groceries,Sale,-9.14,
10/4/2024,10/6/2024,SQ *DAWSON STREET PUB,Food & Drink,Sale,-38.5,
10/5/2024,10/6/2024,CHIPOTLE 3400,Food & Drink,Sale,-14.55,
10/5/2024,10/6/2024,SUNOCO 8000011302,Gas,Sale,-23.97,
10/2/2024,10/4/2024,OLD TOWN PUB,Food & Drink,Sale,-49.2,
10/3/2024,10/4/2024,MADISON GAS &amp; ELECTRIC CO,Bills & Utilities,Sale,-23.46,
10/3/2024,10/4/2024,SATURN PIZZA PRINCETON,Food & Drink,Sale,-18.24,
10/3/2024,10/4/2024,ALLIANT ENERGY - WPL,Bills & Utilities,Sale,-134.51,
10/2/2024,10/3/2024,TERAKAWA RAMEN,Food & Drink,Sale,-25.32,
10/2/2024,10/3/2024,SUNOCO 8000011302,Gas,Sale,-12.33,
9/30/2024,10/2/2024,SHAKE SHACK - 1418,Food & Drink,Sale,-17.59,
10/1/2024,10/2/2024,MORE THAN Q- PRINCETON,Food & Drink,Sale,-28.66,
9/30/2024,10/2/2024,JOE CANAL'S,Food & Drink,Sale,-25.03,
9/30/2024,10/1/2024,TARGET        00011510,Shopping,Sale,-23.76,
9/30/2024,10/1/2024,MSN ANCORA COFFEE ROASTER,Food & Drink,Sale,-4.75,
9/30/2024,10/1/2024,TARGET        00011510,Shopping,Sale,-4.8,
9/30/2024,10/1/2024,UBER   *TRIP,Travel,Sale,-52.9,
9/30/2024,10/1/2024,TARGET.COM,Shopping,Sale,-42.64,
9/30/2024,10/1/2024,UBER   *TRIP,Travel,Sale,-10,
9/30/2024,10/1/2024,PASAR MALAM,Food & Drink,Sale,-32.77,
9/30/2024,10/1/2024,SQ *RUTH ELLEN SAUL  LLC,Health & Wellness,Sale,-15,
9/29/2024,9/30/2024,EXXON WATTS MART,Gas,Sale,-19.32,
9/28/2024,9/30/2024,THE HOME DEPOT #4909,Shopping,Sale,-22.16,
9/29/2024,9/30/2024,EXXON WATTS MART,Gas,Sale,-10.36,
9/27/2024,9/29/2024,SQ *PAUSE THERAPEUTIC MAS,Health & Wellness,Sale,-115,
9/29/2024,9/29/2024,ACTBLUE* HARRIS.VICTOR,Gifts & Donations,Sale,-10,
9/27/2024,9/29/2024,AMAZON MKTPL*KN36D3DP3,Shopping,Sale,-59.6,
9/28/2024,9/29/2024,SQ *HOP GARDEN BREWING,Food & Drink,Sale,-9.73,
9/28/2024,9/29/2024,SQ *HOP GARDEN BREWING,Food & Drink,Sale,-10.95,
9/27/2024,9/29/2024,CASEYS #3586,Gas,Sale,-14.27,
9/26/2024,9/29/2024,RECREATION.GOV,Bills & Utilities,Return,25,
9/26/2024,9/27/2024,STEAMGAMES.COM 4259522985,Entertainment,Sale,-3.15,
9/26/2024,9/27/2024,METRO MARKET #180,Groceries,Sale,-90.17,
9/26/2024,9/27/2024,EXXON WATTS MART,Gas,Sale,-10.36,
9/26/2024,9/27/2024,EXXON WATTS MART,Gas,Sale,-30.75,
9/26/2024,9/26/2024,NYTIMES DISC*,Bills & Utilities,Sale,-7.04,
9/24/2024,9/25/2024,HY-VEE OAKDL STRBCKS 2462,Food & Drink,Sale,-6.5,
9/24/2024,9/25/2024,HY-VEE F&amp;F OAKDALE 5462,Gas,Sale,-11.41,
9/24/2024,9/25/2024,MCDONALD'S F12814,Food & Drink,Sale,-9.06,
9/22/2024,9/24/2024,THE BRICK SALOON,Food & Drink,Sale,-21.92,
9/23/2024,9/24/2024,76 - 76 UNIVERSITY,Gas,Sale,-40.45,
9/23/2024,9/24/2024,THE UPS STORE 5256,Shopping,Sale,-14.73,
9/23/2024,9/24/2024,QFC #5807,Groceries,Sale,-13.15,
9/23/2024,9/24/2024,ORCA,Travel,Sale,-3,
9/23/2024,9/24/2024,QFC #5807,Groceries,Sale,-6.01,
9/23/2024,9/24/2024,HUDSON ST 1474,Shopping,Sale,-2.21,
9/20/2024,9/23/2024,ROSLYN MEXICAN GRILL,Food & Drink,Sale,-45.63,
9/19/2024,9/22/2024,QFC #5807,Groceries,Sale,-41.8,
9/22/2024,9/22/2024,DISNEY MAX BUNDLE,Entertainment,Sale,-17.92,
9/22/2024,9/22/2024,ACTBLUE* HARRIS.VICTOR,Gifts & Donations,Sale,-10,
9/20/2024,9/22/2024,SQ *ROSLYN BREWING COMPAN,Food & Drink,Sale,-8,
9/19/2024,9/22/2024,MSP AIRP PEOPLES ORGANIC,Food & Drink,Sale,-32.73,
9/19/2024,9/20/2024,OSKARS PIZZA,Food & Drink,Sale,-39.72,
9/20/2024,9/20/2024,MTNGEAR,Shopping,Sale,-6.57,
9/18/2024,9/20/2024,ALASKA AIR,Travel,Sale,-35,
9/19/2024,9/20/2024,ORCA,Travel,Sale,-3,
9/19/2024,9/20/2024,SQ *RAVENNA BREWING CO,Food & Drink,Sale,-9.27,
9/19/2024,9/20/2024,SQ *RAVENNA BREWING CO,Food & Drink,Sale,-9.27,
9/18/2024,9/19/2024,MCDONALD'S F3903,Food & Drink,Sale,-8.43,
9/18/2024,9/19/2024,PETSMART # 0467,Shopping,Sale,-25.99,
9/18/2024,9/19/2024,HEIFER INTL,Gifts & Donations,Sale,-40,
9/19/2024,9/19/2024,CHEWY.COM,Pets,Sale,-25.48,
9/19/2024,9/19/2024,STEAMGAMES.COM 4259522985,Entertainment,Sale,-12.51,
9/16/2024,9/18/2024,REI #48 MADISON,Shopping,Sale,-19.44,
9/17/2024,9/18/2024,CHEWY.COM,Pets,Sale,-93.53,
9/17/2024,9/18/2024,EXXON WATTS MART,Gas,Sale,-43.82,
9/16/2024,9/17/2024,NIC*VEHICLEREGRENEW,Bills & Utilities,Sale,-171.95,
9/16/2024,9/17/2024,USPS.COM CLICKNSHIP,Shopping,Sale,-5.15,
9/16/2024,9/17/2024,AMZN Mktp US*IS7F22BB3,Shopping,Sale,-30.69,
9/16/2024,9/17/2024,WALGREENS #3343,Health & Wellness,Sale,-4.74,
9/16/2024,9/17/2024,PICK N SAVE #179,Groceries,Sale,-48.52,
9/15/2024,9/16/2024,Spectrum,Bills & Utilities,Sale,-56.99,
9/13/2024,9/16/2024,PABST THEATRE,Food & Drink,Sale,-25.11,
9/15/2024,9/16/2024,TST* CAFE BENELUX,Food & Drink,Sale,-86.96,
9/14/2024,9/15/2024,SQ *BEER DISTRICT: LIQUOR,Food & Drink,Sale,-26.93,
9/14/2024,9/15/2024,SQ *THIRD WARD BEER GARDE,Food & Drink,Sale,-10.21,
9/14/2024,9/15/2024,TST* CENTRAL STANDARD CRA,Food & Drink,Sale,-106.06,
9/13/2024,9/15/2024,RECREATION.GOV,Bills & Utilities,Sale,-27.02,
9/14/2024,9/15/2024,SQ *THIRD WARD BEER GARDE,Food & Drink,Sale,-10.21,
9/12/2024,9/15/2024,EXXON WATTS MART,Gas,Sale,-33.42,
9/14/2024,9/15/2024,ON THE BUS LLC,Food & Drink,Sale,-24.75,
9/14/2024,9/15/2024,SQ *WEST ALLIS CHEESE &amp; S,Groceries,Sale,-31.16,
9/14/2024,9/15/2024,SWINGIN DOOR EXCHANGE,Food & Drink,Sale,-29.93,
9/15/2024,9/15/2024,ACTBLUE* HARRIS.VICTOR,Gifts & Donations,Sale,-10,
9/13/2024,9/15/2024,SUNCTRYAIR  IC8L5H,Travel,Sale,-50,
9/12/2024,9/13/2024,METRO MARKET #180,Groceries,Sale,-20.02,
9/10/2024,9/11/2024,PICK N SAVE #179,Groceries,Sale,-18.98,
9/10/2024,9/11/2024,PICK N SAVE #179,Groceries,Sale,-51.94,
9/10/2024,9/11/2024,GEICO  *AUTO,Bills & Utilities,Sale,-68.16,
9/9/2024,9/10/2024,CHIPOTLE 0533,Food & Drink,Sale,-9.55,
9/7/2024,9/9/2024,KWIK TRIP #596,Gas,Sale,-12.08,
9/8/2024,9/8/2024,ACTBLUE* HARRIS.VICTOR,Gifts & Donations,Sale,-10,
9/7/2024,9/8/2024,PICK N SAVE #179,Groceries,Sale,-7.99,
9/5/2024,9/8/2024,EXXON WATTS MART,Gas,Sale,-10.36,
9/5/2024,9/8/2024,EXXON WATTS MART,Gas,Sale,-29.83,
9/5/2024,9/6/2024,STONE PORCH ALEHOUSE,Food & Drink,Sale,-93.14,
9/4/2024,9/5/2024,PICK N SAVE #179,Groceries,Sale,-112.02,
9/4/2024,9/5/2024,AMERICAN PHYSICAL SOCI,Bills & Utilities,Sale,-204,
9/3/2024,9/4/2024,MADISON GAS &amp; ELECTRIC CO,Bills & Utilities,Sale,-20.82,
9/3/2024,9/4/2024,ALLIANT ENERGY - WPL,Bills & Utilities,Sale,-86.45,
9/1/2024,9/3/2024,KWIK TRIP #1507,Gas,Sale,-10.72,
9/1/2024,9/3/2024,KWIK TRIP #1507,Gas,Sale,-16.11,
8/31/2024,9/2/2024,SUGAR RIVER PIZZA  CO VER,Food & Drink,Sale,-60.86,
9/1/2024,9/1/2024,ACTBLUE* HARRIS.VICTOR,Gifts & Donations,Sale,-10,
8/31/2024,9/1/2024,FS *klimat,Shopping,Sale,-5,
8/31/2024,9/1/2024,SQ *WISCONSIN BREWING COM,Food & Drink,Sale,-28.8,
8/30/2024,9/1/2024,Green Lantern Restaurant,Food & Drink,Sale,-28.81,
8/29/2024,8/30/2024,PICK N SAVE #179,Groceries,Sale,-111.19,
8/29/2024,8/30/2024,WL *Steam Purchase,Entertainment,Sale,-7.36,
8/28/2024,8/30/2024,EXXON WATTS MART,Gas,Sale,-10.36,
8/28/2024,8/29/2024,TURKEY TROT ST PAUL,Entertainment,Sale,-40.03,
8/29/2024,8/29/2024,NYTIMES DISC*,Bills & Utilities,Sale,-7.04,
8/27/2024,8/29/2024,EXXON WATTS MART,Gas,Sale,-12.46,
8/27/2024,8/29/2024,EXXON WATTS MART,Gas,Sale,-47.23,
8/27/2024,8/29/2024,WAYPOINT PUBLIC HOUSE,Food & Drink,Sale,-5,
8/27/2024,8/28/2024,SQ *RUTH ELLEN SAUL  LLC,Health & Wellness,Sale,-15,
8/26/2024,8/27/2024,DOMINO'S 2108,Food & Drink,Sale,-24.25,
8/24/2024,8/26/2024,HY-VEE F&amp;F OAKDALE 5462,Gas,Sale,-47.95,
8/24/2024,8/25/2024,OUTDOORS GEEK LLC,Shopping,Sale,-69.71,
8/22/2024,8/25/2024,REI #48 MADISON,Shopping,Return,191.87,
8/24/2024,8/25/2024,CASH WISE LIQUOR,Food & Drink,Sale,-24.98,
8/25/2024,8/25/2024,ACTBLUE* HARRIS.VICTOR,Gifts & Donations,Sale,-10,
8/23/2024,8/25/2024,KWIK TRIP #187,Gas,Sale,-39.58,
8/24/2024,8/25/2024,BCY*STEEPANDCHEAP.COM,Shopping,Sale,-61.14,
8/23/2024,8/25/2024,TST*ERINS SNUG IRISH PUB,Food & Drink,Sale,-53.28,
8/22/2024,8/23/2024,METRO MARKET #180,Groceries,Sale,-53.04,
8/21/2024,8/22/2024,WL *Steam Purchase,Entertainment,Sale,-10.54,
8/21/2024,8/22/2024,WEST WINDSOR INFOCUS,Health & Wellness,Sale,-10,
8/22/2024,8/22/2024,HELP.MAX.COM,Entertainment,Sale,-17.92,
8/20/2024,8/21/2024,IN *MADISON DOGMA LLC,Pets,Sale,-360,
8/20/2024,8/21/2024,CHEWY.COM,Pets,Sale,-67.49,
8/19/2024,8/20/2024,SQ *RUTH ELLEN SAUL  LLC,Health & Wellness,Sale,-30,
8/19/2024,8/20/2024,HEIFER INTL,Gifts & Donations,Sale,-40,
8/19/2024,8/20/2024,TARGET        00010603,Shopping,Sale,-4.21,
8/18/2024,8/19/2024,HERTZ CAR RENTAL,Travel,Sale,-716.64,
8/18/2024,8/19/2024,AMC 9640 ONLINE,Entertainment,Sale,-2.34,
8/17/2024,8/19/2024,EWR C1 GLOBAL BAZAAR,Groceries,Sale,-20.25,
8/18/2024,8/19/2024,PICK N SAVE #179,Groceries,Sale,-89.06,
8/17/2024,8/19/2024,SUNOCO 0368302601,Gas,Sale,-33.52,
8/18/2024,8/19/2024,TST* TACORIA- PRINCETON,Food & Drink,Sale,-17.66,
8/18/2024,8/18/2024,ACTBLUE* HARRIS.VICTOR,Gifts & Donations,Sale,-10,
8/16/2024,8/18/2024,JOE CANAL'S,Food & Drink,Sale,-11.72,
8/16/2024,8/18/2024,SATURN PIZZA PRINCETON,Food & Drink,Sale,-18.24,
8/16/2024,8/18/2024,AMAZON MKTPL*RU59K2HO2,Shopping,Sale,-73.84,
8/15/2024,8/16/2024,ULTRASIGNUP,Running,Sale,-428.5,
8/14/2024,8/16/2024,JOE CANAL'S,Food & Drink,Sale,-34.1,
8/15/2024,8/16/2024,Spectrum,Bills & Utilities,Sale,-56.99,
8/13/2024,8/15/2024,MODERN FUSION,Food & Drink,Sale,-42.65,
8/14/2024,8/15/2024,SHOPRITE LAWRNCVLLE S1,Groceries,Sale,-16.49,
8/14/2024,8/15/2024,MODERN FUSION,Food & Drink,Sale,-8.53,
8/12/2024,8/14/2024,SHEETZ 2442   00024422,Gas,Sale,-25.91,
8/14/2024,8/14/2024,RECREATION.GOV,Bills & Utilities,Sale,-89.08,
8/13/2024,8/14/2024,HAIR WORX SALON &amp; BEAUTY,Health & Wellness,Sale,-42,
8/11/2024,8/13/2024,THE WATERVILLE HOTEL,Food & Drink,Sale,-31.46,
8/12/2024,8/13/2024,ROOTS,Food & Drink,Sale,-33.59,
8/11/2024,8/12/2024,CKE*HAPPY ACRES REST 3332,Food & Drink,Sale,-36.94,
8/10/2024,8/12/2024,THE WATERVILLE HOTEL,Food & Drink,Sale,-23.8,
8/10/2024,8/12/2024,THE WATERVILLE HOTEL,Food & Drink,Sale,-44.6,
8/11/2024,8/11/2024,ACTBLUE* HARRIS.VICTOR,Gifts & Donations,Sale,-10,
8/10/2024,8/11/2024,CKE*HAPPY ACRES REST 3332,Food & Drink,Sale,-19.5,
8/9/2024,8/11/2024,STARBUCKS STORE 07309,Food & Drink,Sale,-15.95,
8/9/2024,8/11/2024,SQ *REVIBE GEAR,Gifts & Donations,Sale,-90,
8/9/2024,8/11/2024,OLIVE GARDEN 0021183,Food & Drink,Sale,-11.18,
8/9/2024,8/11/2024,LUKOIL 57703,Gas,Sale,-12.87,
8/10/2024,8/11/2024,GEICO  *AUTO,Bills & Utilities,Sale,-68.16,
8/9/2024,8/11/2024,MCCONNELLS COUNTRY STORE,Gas,Sale,-15.37,
8/9/2024,8/11/2024,SQ *EVERY MOUNTAIN OUTDOO,Shopping,Sale,-60,
8/8/2024,8/9/2024,WAWA 8320,Gas,Sale,-21.38,
8/8/2024,8/9/2024,AMZN Mktp US*RM76F0FZ0,Shopping,Sale,-27.84,
8/8/2024,8/9/2024,SHOPRITE LAWRNCVLLE S1,Groceries,Sale,-41.75,
8/8/2024,8/9/2024,UBER   TRIP,Travel,Sale,-7.49,
8/8/2024,8/9/2024,UBER   TRIP,Travel,Sale,-37.46,
8/8/2024,8/9/2024,NETFLIX.COM,Bills & Utilities,Sale,-16.34,
8/7/2024,8/8/2024,TARGET        00010603,Shopping,Sale,-30.67,
8/6/2024,8/7/2024,PY *BODIHOW BREWING COMPA,Food & Drink,Sale,-90.4,
8/5/2024,8/6/2024,REI.COM  800-426-4840,Shopping,Sale,-191.87,
8/4/2024,8/5/2024,AMC 9640 ONLINE,Entertainment,Sale,-48.9,
8/3/2024,8/5/2024,AMC 6284 FITCHBURG 18,Entertainment,Sale,-11.58,
8/2/2024,8/5/2024,CITY VIEW LIQUOR,Food & Drink,Sale,-56.69,
8/2/2024,8/4/2024,Subway 39688,Food & Drink,Sale,-14.23,
8/4/2024,8/4/2024,ACTBLUE* HARRIS.VICTOR,Gifts & Donations,Sale,-10,
8/2/2024,8/4/2024,LS REVOLUTION CYCLES,Shopping,Sale,-223.66,
8/1/2024,8/2/2024,MADISON GAS &amp; ELECTRIC CO,Bills & Utilities,Sale,-20.12,
8/1/2024,8/2/2024,WL *Steam Purchase,Entertainment,Sale,-19.77,
8/1/2024,8/2/2024,METRO MARKET #180,Groceries,Sale,-13.7,
8/1/2024,8/2/2024,METRO MARKET #180,Groceries,Sale,-10.02,
8/1/2024,8/2/2024,ALLIANT ENERGY - WPL,Bills & Utilities,Sale,-118.8,
7/31/2024,8/1/2024,NYTimes*NYTimes disc,Bills & Utilities,Sale,-7.04,
7/30/2024,8/1/2024,EXXON WATTS MART,Gas,Sale,-49.89,
7/30/2024,7/31/2024,PICK N SAVE #179,Groceries,Sale,-54.45,
7/29/2024,7/30/2024,CHEWY.COM,Pets,Sale,-84.41,
7/30/2024,7/30/2024,ACTBLUE* HARRIS.VICTOR,Gifts & Donations,Sale,-25,
7/30/2024,7/30/2024,ACTBLUE* HARRIS.VICTOR,Gifts & Donations,Sale,-25,
7/28/2024,7/29/2024,ACTBLUE* HARRIS.VICTOR,Gifts & Donations,Sale,-10,
7/28/2024,7/29/2024,PICK N SAVE #179,Groceries,Sale,-112.78,
7/27/2024,7/29/2024,DOMINO'S 2108,Food & Drink,Sale,-18.71,
7/27/2024,7/28/2024,HOLIDAY STATIONS 0196,Gas,Sale,-39.68,
7/27/2024,7/28/2024,MCDONALD'S F5287,Food & Drink,Sale,-12.6,
7/26/2024,7/28/2024,SQ *SLEEPING FAWN RESORT,Entertainment,Sale,-50,
7/24/2024,7/26/2024,RAPID SPIRITS,Food & Drink,Sale,-41.18,
7/24/2024,7/26/2024,MAIN STREET MEATS,Groceries,Sale,-27.38,
7/24/2024,7/26/2024,SHELL OIL10083939016,Gas,Sale,-35.68,
7/24/2024,7/25/2024,CHEWY.COM,Pets,Sale,-63.12,
7/24/2024,7/25/2024,HUGOS #11,Groceries,Sale,-55.37,
7/22/2024,7/24/2024,PAR*HUGO'S CARIBOU COFFEE,Food & Drink,Sale,-25.92,
7/22/2024,7/24/2024,RAPID SPIRITS,Food & Drink,Sale,-83.47,
7/21/2024,7/23/2024,ROAD RUNNER SPORTS-706,Shopping,Sale,-24.05,
7/21/2024,7/23/2024,HOHO GOURMET RESTAURANT,Food & Drink,Sale,-40.65,
7/21/2024,7/23/2024,EWR CUSTOM BURGERS C1,Food & Drink,Sale,-21.31,
7/22/2024,7/23/2024,HY-VEE F&amp;F OAKDALE 5462,Gas,Sale,-40.33,
7/22/2024,7/23/2024,WAL-MART #4244,Groceries,Sale,-20.13,
7/22/2024,7/23/2024,HUGOS #11,Groceries,Sale,-25.62,
7/22/2024,7/23/2024,HY-VEE OAKDL STRBCKS 2462,Food & Drink,Sale,-3.54,
7/21/2024,7/23/2024,SUNOCO 0368302601,Gas,Sale,-13.28,
7/22/2024,7/23/2024,NJ EZPASS,Travel,Sale,-25,
7/21/2024,7/22/2024,HERTZ #0190211,Travel,Sale,-716.64,
7/19/2024,7/22/2024,FIRKIN TAVERN,Food & Drink,Sale,-42.01,
7/22/2024,7/22/2024,UBER   TRIP,Travel,Sale,-33.39,
7/20/2024,7/22/2024,HANLEYS LIQUORS,Food & Drink,Sale,-40.51,
7/20/2024,7/21/2024,SUNOCO 8000011302,Gas,Sale,-36.18,
7/20/2024,7/21/2024,LITTLE RED BARN,Food & Drink,Sale,-46.89,
7/20/2024,7/21/2024,SQ *TOBACCO LEAF (THE LEA,Groceries,Sale,-121.5,
7/19/2024,7/21/2024,SQ *BROCK &amp; COMPANY  INC.,Food & Drink,Sale,-12,
7/19/2024,7/21/2024,APPLEBEES 9237,Food & Drink,Sale,-18.98,
7/18/2024,7/19/2024,SQ *THE DRUERY,Food & Drink,Sale,-30.39,
7/18/2024,7/19/2024,HEIFER INTL,Gifts & Donations,Sale,-40,
7/18/2024,7/19/2024,SQ *BROCK &amp; COMPANY  INC.,Food & Drink,Sale,-12,
7/17/2024,7/18/2024,SATURN PIZZA PRINCETON,Food & Drink,Sale,-17.49,
7/16/2024,7/17/2024,INFOCUS URGENT CARE OF WE,Health & Wellness,Sale,-18,
7/16/2024,7/17/2024,AMAZON MKTPL*RS1WO8TN1,Shopping,Sale,-41.63,
7/15/2024,7/16/2024,PLAINSBORO WINE &amp; LIQUOR,Food & Drink,Sale,-29.84,
7/15/2024,7/16/2024,SQ *BROCK &amp; COMPANY  INC.,Food & Drink,Sale,-9.06,
7/15/2024,7/16/2024,ROOTS,Food & Drink,Sale,-33.59,
7/15/2024,7/16/2024,Spectrum,Bills & Utilities,Sale,-56.99,
7/15/2024,7/16/2024,WHOLEFDS PRN 10187,Groceries,Sale,-17.72,
7/14/2024,7/15/2024,CKE*HAPPY ACRES REST 3332,Food & Drink,Sale,-23.1,
7/14/2024,7/15/2024,WL *STEAM PURCHASE,Entertainment,Sale,-5.26,
7/14/2024,7/15/2024,PILOT_00298,Gas,Sale,-22.44,
7/13/2024,7/14/2024,KICKSTARTER.COM,Shopping,Sale,-16.99,
7/13/2024,7/14/2024,CKE*HAPPY ACRES REST 3332,Food & Drink,Sale,-39.22,
7/12/2024,7/14/2024,LOVE'S #0324 INSIDE,Gas,Sale,-9.27,
7/12/2024,7/14/2024,LOVE'S #0324 OUTSIDE,Gas,Sale,-19.48,
7/12/2024,7/14/2024,CHIPOTLE 3400,Food & Drink,Sale,-12.64,
7/12/2024,7/14/2024,STATE PARKS,Bills & Utilities,Sale,-64.5,
7/12/2024,7/14/2024,SHOPRITE LAWRNCVLLE S1,Groceries,Sale,-40.23,
7/11/2024,7/12/2024,CV LIQUOR,Food & Drink,Sale,-33.24,
7/10/2024,7/12/2024,KWIK TRIP #1205,Gas,Sale,-42.5,
7/10/2024,7/11/2024,GEICO  *AUTO,Bills & Utilities,Sale,-68.16,
7/10/2024,7/11/2024,MCDONALD'S F2976,Food & Drink,Sale,-9.49,
7/10/2024,7/11/2024,TARGET        00010603,Shopping,Sale,-45.52,
7/9/2024,7/10/2024,LS REVOLUTION CYCLES,Shopping,Sale,-294.35,
7/8/2024,7/9/2024,SQ *RISING SONS VERONA,Food & Drink,Sale,-64.61,
7/8/2024,7/9/2024,Netflix,Bills & Utilities,Sale,-16.34,
7/7/2024,7/8/2024,STONE PORCH ALEHOUSE,Food & Drink,Sale,-71.59,
7/5/2024,7/7/2024,PICK N SAVE #179,Groceries,Sale,-33.74,
7/4/2024,7/7/2024,KWIK TRIP #1205,Gas,Sale,-40.39,
7/4/2024,7/7/2024,KWIK TRIP #240,Gas,Sale,-49.6,
7/5/2024,7/7/2024,TARGET        00010603,Shopping,Sale,-47.59,
7/4/2024,7/5/2024,WL *STEAM PURCHASE,Entertainment,Sale,-1.57,
7/3/2024,7/5/2024,THE HOME DEPOT 4909,Shopping,Sale,-40,
7/4/2024,7/5/2024,MCDONALD'S F37935,Food & Drink,Sale,-9.06,
7/3/2024,7/4/2024,FSP*FLEET FEET MADISON,Health & Wellness,Sale,-58.03,
7/3/2024,7/4/2024,NYTimes*NYTimes disc,Bills & Utilities,Sale,-7.04,
7/3/2024,7/4/2024,ALLIANT ENERGY - WPL,Bills & Utilities,Sale,-97.4,
7/3/2024,7/4/2024,SP THE BLACK BIBS,Shopping,Sale,-80,
7/3/2024,7/4/2024,MADISON GAS &amp; ELECTRIC CO,Bills & Utilities,Sale,-22.9,
7/3/2024,7/4/2024,TARGET        00010603,Shopping,Sale,-84.16,
7/1/2024,7/3/2024,TANNER'S BAR AND GRILL,Food & Drink,Sale,-30.76,
7/2/2024,7/3/2024,DLUX,Food & Drink,Sale,-43.25,
7/2/2024,7/3/2024,DLUX,Food & Drink,Sale,-10,
7/1/2024,7/2/2024,SQ *RUTH ELLEN SAUL  LLC,Health & Wellness,Sale,-30,
6/30/2024,7/1/2024,PICK N SAVE #179,Groceries,Sale,-23.5,
6/29/2024,7/1/2024,BUREAU OF PARKS,Bills & Utilities,Sale,-28,
6/30/2024,7/1/2024,PICK N SAVE #179,Groceries,Sale,-80.42,
6/30/2024,7/1/2024,Audible*R71RW4LS0,Bills & Utilities,Sale,-15.77,
6/29/2024,6/30/2024,VERONA WINE CELLAR,Food & Drink,Sale,-22.13,
6/29/2024,6/30/2024,UBER   TRIP,Travel,Sale,-32.09,
6/25/2024,6/27/2024,BP#9264995CAPITAL ONE PE,Gas,Sale,-49.95,
6/26/2024,6/27/2024,IN *MADISON DOGMA LLC,Pets,Sale,-160,
6/25/2024,6/26/2024,METRO MARKET #180,Groceries,Sale,-49.68,
6/25/2024,6/26/2024,CHEWY.COM,Pets,Sale,-201.4,
6/24/2024,6/25/2024,TST* LOWLANDS - EVENTS,Food & Drink,Sale,-26.45,
6/23/2024,6/24/2024,DOMINO'S 2108,Food & Drink,Sale,-21.09,
6/22/2024,6/23/2024,O'REILLY 3842,Automotive,Return,3.18,
6/22/2024,6/23/2024,O'REILLY 1954,Automotive,Sale,-221.54,
6/22/2024,6/23/2024,PICK N SAVE #179,Groceries,Sale,-101.79,
6/22/2024,6/23/2024,SQ *WISCONSIN BREWING COM,Food & Drink,Sale,-47.5,
6/21/2024,6/23/2024,SUNOCO 0368302601,Gas,Sale,-16.98,
6/20/2024,6/21/2024,SQ *BROCK &amp; COMPANY  INC.,Food & Drink,Sale,-25.82,
6/19/2024,6/21/2024,AMYS OMELETTE HOUSE-LONG,Food & Drink,Sale,-54.43,
6/20/2024,6/21/2024,SQ *THE DRUERY,Food & Drink,Sale,-10.13,
6/19/2024,6/20/2024,SQ *LAST WAVE BREWING COM,Groceries,Sale,-17.5,
6/18/2024,6/20/2024,JOE CANAL'S,Food & Drink,Sale,-42.64,
6/19/2024,6/20/2024,SUNOCO 8000011302,Gas,Sale,-33.2,
6/18/2024,6/19/2024,STEAMGAMES.COM 4259522985,Entertainment,Sale,-21.09,
6/17/2024,6/19/2024,JOE CANAL'S,Food & Drink,Sale,-26.65,
6/16/2024,6/18/2024,TRADER JOE S #607,Groceries,Sale,-20.44,
6/17/2024,6/18/2024,SHOPRITE LAWRNCVLLE S1,Groceries,Sale,-21.37,
6/16/2024,6/17/2024,CHIPOTLE 1751,Food & Drink,Sale,-10.66,
6/16/2024,6/17/2024,UBER   TRIP,Travel,Sale,-5.55,
6/16/2024,6/17/2024,UBER   TRIP,Travel,Sale,-27.79,
6/15/2024,6/16/2024,Spectrum,Bills & Utilities,Sale,-56.99,
6/15/2024,6/16/2024,SSA HENRY VILAS ZOO,Shopping,Sale,-17.39,
6/14/2024,6/16/2024,TST* PROST - MADISON,Food & Drink,Sale,-58.87,
6/14/2024,6/14/2024,CHEWY.COM,Pets,Sale,-118.35,
6/13/2024,6/14/2024,BIKEREGREGISTRATION,Bills & Utilities,Sale,-180.18,
6/12/2024,6/13/2024,TARGET        00010603,Shopping,Sale,-55.46,
6/11/2024,6/12/2024,SQ *THE SOW'S EAR,Groceries,Sale,-4.25,
6/10/2024,6/11/2024,GEICO  *AUTO,Bills & Utilities,Sale,-73.24,
6/9/2024,6/11/2024,KWIK TRIP #796,Gas,Sale,-47.7,
6/9/2024,6/10/2024,SP FLEET FEET,Shopping,Sale,-79.13,
6/9/2024,6/10/2024,AMZN Mktp US*A62XX2U33,Shopping,Sale,-42.16,
6/8/2024,6/10/2024,KWIK TRIP #1205,Gas,Sale,-33.76,
6/8/2024,6/9/2024,HY-VEE OAKDALE 1462,Groceries,Sale,-6.09,
6/6/2024,6/9/2024,EXXON WATTS MART,Gas,Sale,-45.03,
6/8/2024,6/9/2024,WALGREENS #3343,Health & Wellness,Sale,-4.74,
6/7/2024,6/9/2024,STONE PORCH ALEHOUSE,Food & Drink,Sale,-74.37,
6/8/2024,6/9/2024,Netflix,Bills & Utilities,Sale,-16.34,
6/7/2024,6/9/2024,TST* HOP HAUS BREWING COM,Food & Drink,Sale,-16.12,
6/7/2024,6/9/2024,SQ *BREESE STEVENS FIELD,Entertainment,Sale,-44.1,
6/7/2024,6/9/2024,NYTimes*NYTimes disc,Bills & Utilities,Sale,-6.05,
6/8/2024,6/9/2024,MCDONALD'S F2976,Food & Drink,Sale,-9.38,
6/9/2024,6/9/2024,AMZN Mktp US*NC55I0PK3,Shopping,Sale,-13.7,
6/4/2024,6/5/2024,IN *MADISON DOGMA LLC,Pets,Sale,-240,
6/4/2024,6/5/2024,HY-VEE MADISON 1392,Groceries,Sale,-81.54,
6/4/2024,6/5/2024,TST* TACORIA- PRINCETON,Food & Drink,Sale,-16.96,
6/3/2024,6/5/2024,HERTZ #0190211,Travel,Sale,-734.14,
6/3/2024,6/5/2024,SUNOCO 0368302601,Gas,Sale,-8.92,
6/3/2024,6/4/2024,AG TRAVEL PLAZA 3401101,Groceries,Sale,-6,
6/3/2024,6/4/2024,HEIFER INTL,Gifts & Donations,Sale,-40,
6/2/2024,6/3/2024,SUNOCO 8000011302,Gas,Sale,-47.06,
6/1/2024,6/2/2024,ANNUAL MEMBERSHIP FEE,Bills & Utilities,Fee,-95,
5/31/2024,6/2/2024,CHIPOTLE 2934,Food & Drink,Sale,-11.09,
5/31/2024,6/2/2024,SUNOCO 8001481602,Gas,Sale,-10.58,
5/31/2024,6/2/2024,SHOPRITE SOUTH BRUNSWI,Groceries,Sale,-5.79,
5/31/2024,6/2/2024,EXXON PMG NJ II 2400/8,Gas,Sale,-26.93,
5/31/2024,6/2/2024,CHEWY.COM,Pets,Sale,-83.24,
5/31/2024,6/2/2024,MADISON GAS &amp; ELECTRIC CO,Bills & Utilities,Sale,-8.89,
5/30/2024,5/31/2024,TST* BITCHIN' KITTEN BREW,Food & Drink,Sale,-17.94,
5/29/2024,5/31/2024,TOMMYS TAVERN + TAP,Food & Drink,Sale,-41.5,
5/30/2024,5/31/2024,CHEWY.COM,Pets,Sale,-19.24,
5/30/2024,5/31/2024,Audible*WG66L0FK3,Bills & Utilities,Sale,-15.77,
5/29/2024,5/30/2024,HAIR WORX SALON &amp; BEAUTY,Health & Wellness,Sale,-43.75,
5/29/2024,5/30/2024,AMZN Mktp US*MG3ZY5RL3,Shopping,Sale,-40.34,
5/28/2024,5/29/2024,SHOPRITE LAWRNCVLLE S1,Groceries,Sale,-30.6,
5/28/2024,5/29/2024,M THAI GOURMET,Food & Drink,Sale,-38.78,
5/28/2024,5/29/2024,SP FTD.COM,Shopping,Sale,-75.95,
5/27/2024,5/29/2024,GRAPEVINE LOUNGE DISC LIQ,Food & Drink,Sale,-21.31,
5/27/2024,5/28/2024,WL *Steam Purchase,Entertainment,Sale,-7.37,
5/27/2024,5/28/2024,ROOTS,Food & Drink,Sale,-33.59,
5/26/2024,5/28/2024,REI #48 MADISON,Shopping,Return,35.26,
5/27/2024,5/28/2024,UBER   TRIP,Travel,Sale,-49.3,
5/27/2024,5/28/2024,WL *Steam Purchase,Entertainment,Sale,-16.86,
5/25/2024,5/27/2024,THEVIKING,Food & Drink,Sale,-74.77,
5/23/2024,5/26/2024,Capital Brewery Events,Food & Drink,Sale,-14.4,
5/25/2024,5/26/2024,REI.COM  800-426-4840,Shopping,Sale,-66.76,
5/24/2024,5/26/2024,UW TS PARKING RAMP EMV,Travel,Sale,-3,
5/22/2024,5/24/2024,MENARDS MADISON WEST WI,Shopping,Sale,-15.91,
5/23/2024,5/24/2024,AMZN Mktp US*BI0L56FS3,Shopping,Sale,-9.19,
5/22/2024,5/23/2024,WALGREENS #7536,Health & Wellness,Sale,-13.6,
5/22/2024,5/23/2024,SP MOTHER EARTH ESS,Shopping,Sale,-27,
5/22/2024,5/23/2024,KEYMELOCKSMITHS.COM,Shopping,Sale,-10.52,
5/20/2024,5/22/2024,REI #48 MADISON,Shopping,Sale,-35.26,
5/21/2024,5/22/2024,DicksSportingGoods.com,Shopping,Sale,-163.51,
5/19/2024,5/21/2024,TST* FREEHOUSE PUB,Food & Drink,Sale,-27.43,
5/20/2024,5/21/2024,PICK N SAVE #179,Groceries,Sale,-76,
5/20/2024,5/21/2024,SQ *RUTH ELLEN SAUL  LLC,Health & Wellness,Sale,-45,
5/18/2024,5/20/2024,EXXON WATTS MART,Gas,Sale,-42.16,
5/18/2024,5/20/2024,TARGET        00010603,Shopping,Sale,-42.63,
5/19/2024,5/19/2024,AMZN Mktp US*U62EP7A13,Shopping,Sale,-44.76,
5/17/2024,5/19/2024,EXXON WATTS MART,Gas,Sale,-46.32,
5/17/2024,5/19/2024,TST* HOP HAUS BREWING COM,Food & Drink,Sale,-17.12,
